supplier_id,date,disruption_risk,risk_probability,predicted,error_type,wrong_label_confidence
S048,2028-09-01,1,0.0569855459,False,FN,0.9430144429
S048,2028-09-02,1,0.0569855459,False,FN,0.9430144429
S048,2028-09-03,1,0.0569855459,False,FN,0.9430144429
S097,2028-08-18,1,0.0569855459,False,FN,0.9430144429
S097,2028-08-21,1,0.0569855459,False,FN,0.9430144429
S097,2028-08-23,1,0.0569855459,False,FN,0.9430144429
S097,2028-08-22,1,0.0569855459,False,FN,0.9430144429
S097,2028-08-20,1,0.0569855459,False,FN,0.9430144429
S097,2028-08-19,1,0.0569855459,False,FN,0.9430144429
S097,2028-08-24,1,0.0569855459,False,FN,0.9430144429
S064,2028-07-11,1,0.05752947927,False,FN,0.9424705505
S066,2028-06-08,1,0.05752947927,False,FN,0.9424705505
S066,2028-06-03,1,0.05752947927,False,FN,0.9424705505
S066,2028-06-05,1,0.05752947927,False,FN,0.9424705505
S066,2028-06-02,1,0.05752947927,False,FN,0.9424705505
S066,2028-06-06,1,0.05752947927,False,FN,0.9424705505
S048,2028-06-23,1,0.05752947927,False,FN,0.9424705505
S048,2028-06-21,1,0.05752947927,False,FN,0.9424705505
S066,2028-06-04,1,0.05752947927,False,FN,0.9424705505
S048,2028-06-20,1,0.05752947927,False,FN,0.9424705505
S048,2028-06-22,1,0.05752947927,False,FN,0.9424705505
S048,2028-06-19,1,0.05752947927,False,FN,0.9424705505
S021,2028-08-13,1,0.05783374608,False,FN,0.9421662688
S021,2028-08-08,1,0.05783374608,False,FN,0.9421662688
S021,2028-08-14,1,0.05783374608,False,FN,0.9421662688
S021,2028-08-09,1,0.05783374608,False,FN,0.9421662688
S054,2028-06-13,1,0.05823766813,False,FN,0.9417623281
S099,2028-05-31,1,0.05823766813,False,FN,0.9417623281
S080,2028-06-22,1,0.05823766813,False,FN,0.9417623281
S080,2028-06-24,1,0.05823766813,False,FN,0.9417623281
S099,2028-06-03,1,0.05823766813,False,FN,0.9417623281
S099,2028-06-01,1,0.05823766813,False,FN,0.9417623281
S065,2028-07-24,1,0.05823766813,False,FN,0.9417623281
S080,2028-06-21,1,0.05823766813,False,FN,0.9417623281
S080,2028-06-23,1,0.05823766813,False,FN,0.9417623281
S080,2028-06-18,1,0.05823766813,False,FN,0.9417623281
S080,2028-06-19,1,0.05823766813,False,FN,0.9417623281
S080,2028-06-20,1,0.05823766813,False,FN,0.9417623281
S099,2028-06-02,1,0.05823766813,False,FN,0.9417623281
S065,2028-07-23,1,0.05823766813,False,FN,0.9417623281
S038,2028-07-05,1,0.05879281089,False,FN,0.9412071705
S038,2028-07-03,1,0.05879281089,False,FN,0.9412071705
S038,2028-07-02,1,0.05879281089,False,FN,0.9412071705
S071,2028-09-02,1,0.05879281089,False,FN,0.9412071705
S071,2028-09-03,1,0.05879281089,False,FN,0.9412071705
S038,2028-07-04,1,0.05879281089,False,FN,0.9412071705
S091,2028-07-19,1,0.0589443557,False,FN,0.9410556555
S091,2028-07-21,1,0.0589443557,False,FN,0.9410556555
S091,2028-07-22,1,0.0589443557,False,FN,0.9410556555
S091,2028-07-23,1,0.0589443557,False,FN,0.9410556555
S096,2028-07-18,1,0.0589443557,False,FN,0.9410556555
S096,2028-07-16,1,0.0589443557,False,FN,0.9410556555
S096,2028-07-17,1,0.0589443557,False,FN,0.9410556555
S091,2028-07-20,1,0.0589443557,False,FN,0.9410556555
S091,2028-07-17,1,0.0589443557,False,FN,0.9410556555
S091,2028-07-18,1,0.0589443557,False,FN,0.9410556555
S004,2028-06-14,1,0.05978031456,False,FN,0.9402197003
S096,2028-07-15,1,0.05986827239,False,FN,0.9401317239
S068,2028-06-09,1,0.06023677438,False,FN,0.939763248
S068,2028-06-11,1,0.06023677438,False,FN,0.939763248
S068,2028-06-10,1,0.06023677438,False,FN,0.939763248
S068,2028-06-06,1,0.06023677438,False,FN,0.939763248
S068,2028-06-08,1,0.06023677438,False,FN,0.939763248
S068,2028-06-07,1,0.06023677438,False,FN,0.939763248
S053,2028-06-19,1,0.0603492111,False,FN,0.939650774
S061,2028-08-08,1,0.0603492111,False,FN,0.939650774
S053,2028-06-20,1,0.0603492111,False,FN,0.939650774
S053,2028-06-21,1,0.0603492111,False,FN,0.939650774
S053,2028-06-17,1,0.0603492111,False,FN,0.939650774
S053,2028-06-18,1,0.0603492111,False,FN,0.939650774
S053,2028-06-16,1,0.0603492111,False,FN,0.939650774
S068,2028-08-16,1,0.06080974638,False,FN,0.9391902685
S068,2028-08-13,1,0.06080974638,False,FN,0.9391902685
S069,2028-07-04,1,0.06108986586,False,FN,0.9389101267
S069,2028-07-03,1,0.06108986586,False,FN,0.9389101267
S044,2028-08-23,1,0.06116422638,False,FN,0.9388357997
S014,2028-06-08,1,0.06124881282,False,FN,0.9387511611
S053,2028-06-15,1,0.06132687628,False,FN,0.9386731386
S096,2028-07-14,1,0.06140625849,False,FN,0.9385937452
S066,2028-06-07,1,0.06140878424,False,FN,0.9385912418
S068,2028-08-15,1,0.06176098436,False,FN,0.938239038
S068,2028-08-18,1,0.06176098436,False,FN,0.938239038
S068,2028-08-14,1,0.06176098436,False,FN,0.938239038
S068,2028-08-17,1,0.06176098436,False,FN,0.938239038
S065,2028-07-27,1,0.0621615909,False,FN,0.9378384352
S064,2028-07-13,1,0.06259957701,False,FN,0.9374004006
S048,2028-06-24,1,0.06259957701,False,FN,0.9374004006
S042,2028-07-18,1,0.06286589801,False,FN,0.9371340871
S085,2028-08-19,1,0.06318031251,False,FN,0.9368196726
S085,2028-08-20,1,0.06318031251,False,FN,0.9368196726
S085,2028-08-18,1,0.06318031251,False,FN,0.9368196726
S085,2028-08-21,1,0.06318031251,False,FN,0.9368196726
S068,2028-08-19,1,0.0633443296,False,FN,0.9366556406
S085,2028-08-15,1,0.06416610628,False,FN,0.9358338714
S085,2028-08-17,1,0.06416610628,False,FN,0.9358338714
S044,2028-08-20,1,0.06560235471,False,FN,0.9343976378
S044,2028-08-25,1,0.06560235471,False,FN,0.9343976378
S061,2028-08-06,1,0.06565052271,False,FN,0.9343494773
S085,2028-08-16,1,0.06580678374,False,FN,0.9341931939
S044,2028-08-24,1,0.06628862768,False,FN,0.93371135
S065,2028-07-28,1,0.06703037024,False,FN,0.9329696298
S054,2028-06-10,1,0.06703037024,False,FN,0.9329696298
S065,2028-07-26,1,0.06703037024,False,FN,0.9329696298
S021,2028-08-11,1,0.06726545095,False,FN,0.932734549
S021,2028-08-12,1,0.06726545095,False,FN,0.932734549
S048,2028-07-26,1,0.06731943786,False,FN,0.9326805472
S030,2028-08-05,1,0.06731943786,False,FN,0.9326805472
S096,2028-07-13,1,0.06733393669,False,FN,0.9326660633
S067,2028-07-03,1,0.06773050129,False,FN,0.9322695136
S054,2028-06-08,1,0.06773050129,False,FN,0.9322695136
S054,2028-06-09,1,0.06773050129,False,FN,0.9322695136
S064,2028-07-15,1,0.06795489788,False,FN,0.9320451021
S064,2028-07-14,1,0.06809360534,False,FN,0.9319064021
S014,2028-06-07,1,0.06824237853,False,FN,0.9317576289
S021,2028-08-10,1,0.06844970584,False,FN,0.9315502644
S093,2028-08-08,1,0.06854399294,False,FN,0.9314560294
S046,2028-08-22,1,0.06860499829,False,FN,0.9313949943
S014,2028-06-11,1,0.06871389598,False,FN,0.9312860966
S099,2028-05-30,1,0.06892234087,False,FN,0.9310776591
S054,2028-06-14,1,0.06892234087,False,FN,0.9310776591
S065,2028-07-25,1,0.06892234087,False,FN,0.9310776591
S067,2028-07-07,1,0.06892234087,False,FN,0.9310776591
S067,2028-07-04,1,0.06892234087,False,FN,0.9310776591
S065,2028-07-29,1,0.06892234087,False,FN,0.9310776591
S067,2028-07-06,1,0.06892234087,False,FN,0.9310776591
S067,2028-07-02,1,0.06892234087,False,FN,0.9310776591
S063,2028-07-14,1,0.06919015199,False,FN,0.9308098555
S089,2028-07-05,1,0.06945633143,False,FN,0.9305436611
S038,2028-06-30,1,0.06957180053,False,FN,0.9304282069
S038,2028-06-29,1,0.06957180053,False,FN,0.9304282069
S038,2028-07-01,1,0.06957180053,False,FN,0.9304282069
S022,2028-08-18,1,0.06957180053,False,FN,0.9304282069
S076,2028-06-19,1,0.06976217777,False,FN,0.9302378297
S076,2028-06-18,1,0.06976217777,False,FN,0.9302378297
S061,2028-08-10,1,0.07016059011,False,FN,0.9298394322
S061,2028-08-07,1,0.07016059011,False,FN,0.9298394322
S022,2028-08-15,1,0.07016240805,False,FN,0.9298375845
S093,2028-08-12,1,0.07018281519,False,FN,0.9298171997
S063,2028-07-13,1,0.07040574402,False,FN,0.9295942783
S025,2028-08-07,1,0.07058767974,False,FN,0.9294123054
S025,2028-08-08,1,0.07058767974,False,FN,0.9294123054
S014,2028-06-09,1,0.07064980268,False,FN,0.9293501973
S022,2028-08-17,1,0.07068763673,False,FN,0.9293123484
S066,2028-08-24,1,0.0709798336,False,FN,0.9290201664
S009,2028-08-22,1,0.07103135437,False,FN,0.928968668
S009,2028-08-23,1,0.07103135437,False,FN,0.928968668
S009,2028-08-21,1,0.07103135437,False,FN,0.928968668
S009,2028-08-25,1,0.07103135437,False,FN,0.928968668
S009,2028-07-11,1,0.07103135437,False,FN,0.928968668
S009,2028-07-10,1,0.07103135437,False,FN,0.928968668
S009,2028-08-19,1,0.07103135437,False,FN,0.928968668
S009,2028-08-24,1,0.07103135437,False,FN,0.928968668
S068,2028-06-12,1,0.07126045227,False,FN,0.9287395477
S061,2028-08-09,1,0.07139191031,False,FN,0.9286080599
S006,2028-07-19,1,0.07149624079,False,FN,0.9285037518
S048,2028-07-25,1,0.07181677222,False,FN,0.928183198
S059,2028-06-08,1,0.07223466039,False,FN,0.9277653694
S048,2028-07-22,1,0.07224386185,False,FN,0.9277561307
S076,2028-06-20,1,0.07225767523,False,FN,0.9277423024
S076,2028-06-22,1,0.07225767523,False,FN,0.9277423024
S076,2028-06-21,1,0.07225767523,False,FN,0.9277423024
S066,2028-07-05,1,0.07261899114,False,FN,0.9273810387
S066,2028-07-09,1,0.07261899114,False,FN,0.9273810387
S066,2028-07-08,1,0.07261899114,False,FN,0.9273810387
S066,2028-06-17,1,0.07261899114,False,FN,0.9273810387
S066,2028-06-21,1,0.07261899114,False,FN,0.9273810387
S066,2028-07-06,1,0.07261899114,False,FN,0.9273810387
S066,2028-07-07,1,0.07261899114,False,FN,0.9273810387
S066,2028-07-11,1,0.07261899114,False,FN,0.9273810387
S022,2028-06-02,1,0.07349845767,False,FN,0.9265015125
S054,2028-06-23,1,0.07349845767,False,FN,0.9265015125
S022,2028-06-08,1,0.07349845767,False,FN,0.9265015125
S054,2028-06-24,1,0.07349845767,False,FN,0.9265015125
S044,2028-08-19,1,0.07364913076,False,FN,0.9263508916
S048,2028-07-27,1,0.07365217805,False,FN,0.9263478518
S066,2028-06-16,1,0.07374046743,False,FN,0.9262595177
S058,2028-08-20,1,0.07418762147,False,FN,0.9258123636
S065,2028-08-08,1,0.07418762147,False,FN,0.9258123636
S064,2028-07-16,1,0.07433958352,False,FN,0.9256604314
S048,2028-06-25,1,0.07433958352,False,FN,0.9256604314
S064,2028-07-12,1,0.07433958352,False,FN,0.9256604314
S064,2028-07-17,1,0.07433958352,False,FN,0.9256604314
S046,2028-08-21,1,0.07457397133,False,FN,0.9254260063
S030,2028-08-06,1,0.07478521764,False,FN,0.9252147675
S093,2028-09-02,1,0.07507242262,False,FN,0.9249275923
S089,2028-07-04,1,0.07523819059,False,FN,0.9247618318
S029,2028-06-26,1,0.07523819059,False,FN,0.9247618318
S067,2028-07-05,1,0.07523819059,False,FN,0.9247618318
S054,2028-06-11,1,0.07523819059,False,FN,0.9247618318
S054,2028-06-12,1,0.07523819059,False,FN,0.9247618318
S081,2028-08-29,1,0.07541296631,False,FN,0.9245870113
S081,2028-09-02,1,0.07541296631,False,FN,0.9245870113
S081,2028-09-01,1,0.07541296631,False,FN,0.9245870113
S081,2028-08-31,1,0.07541296631,False,FN,0.9245870113
S041,2028-06-12,1,0.07544181496,False,FN,0.9245581627
S022,2028-08-20,1,0.07594231516,False,FN,0.9240576625
S022,2028-08-21,1,0.07594231516,False,FN,0.9240576625
S042,2028-08-19,1,0.0761186108,False,FN,0.9238814116
S042,2028-08-25,1,0.0761186108,False,FN,0.9238814116
S042,2028-08-21,1,0.0761186108,False,FN,0.9238814116
S004,2028-07-03,1,0.0761186108,False,FN,0.9238814116
S042,2028-08-24,1,0.0761186108,False,FN,0.9238814116
S004,2028-07-04,1,0.0761186108,False,FN,0.9238814116
S042,2028-08-20,1,0.0761186108,False,FN,0.9238814116
S042,2028-08-23,1,0.0761186108,False,FN,0.9238814116
S042,2028-08-22,1,0.0761186108,False,FN,0.9238814116
S093,2028-08-07,1,0.07613448799,False,FN,0.9238654971
S093,2028-08-06,1,0.07613448799,False,FN,0.9238654971
S093,2028-08-10,1,0.07613448799,False,FN,0.9238654971
S093,2028-08-11,1,0.07613448799,False,FN,0.9238654971
S006,2028-07-17,1,0.0762411654,False,FN,0.9237588644
S100,2028-08-14,1,0.07628402859,False,FN,0.9237159491
S100,2028-08-16,1,0.07628402859,False,FN,0.9237159491
S100,2028-08-13,1,0.07628402859,False,FN,0.9237159491
S100,2028-08-15,1,0.07628402859,False,FN,0.9237159491
S043,2028-08-30,1,0.07628402859,False,FN,0.9237159491
S100,2028-08-17,1,0.07628402859,False,FN,0.9237159491
S096,2028-07-12,1,0.0763822943,False,FN,0.9236177206
S029,2028-07-01,1,0.07639676332,False,FN,0.9236032367
S067,2028-07-08,1,0.07639676332,False,FN,0.9236032367
S063,2028-07-16,1,0.07684630156,False,FN,0.9231536984
S063,2028-07-17,1,0.07684630156,False,FN,0.9231536984
S063,2028-07-11,1,0.07684630156,False,FN,0.9231536984
S063,2028-07-15,1,0.07684630156,False,FN,0.9231536984
S063,2028-07-12,1,0.07684630156,False,FN,0.9231536984
S014,2028-06-10,1,0.07711084187,False,FN,0.922889173
S071,2028-07-08,1,0.07711084187,False,FN,0.922889173
S058,2028-07-28,1,0.07711084187,False,FN,0.922889173
S022,2028-08-16,1,0.07715184987,False,FN,0.922848165
S058,2028-07-30,1,0.0771920532,False,FN,0.9228079319
S004,2028-06-15,1,0.07719424367,False,FN,0.9228057861
S054,2028-06-27,1,0.07731071115,False,FN,0.9226893187
S093,2028-08-09,1,0.07752349973,False,FN,0.9224765301
S062,2028-07-01,1,0.07792514563,False,FN,0.9220748544
S044,2028-08-22,1,0.07800501585,False,FN,0.9219949841
S093,2028-09-03,1,0.07815200835,False,FN,0.9218479991
S009,2028-07-12,1,0.07838009298,False,FN,0.9216198921
S005,2028-07-05,1,0.07849851251,False,FN,0.9215015173
S077,2028-05-30,1,0.07865229994,False,FN,0.9213476777
S077,2028-06-04,1,0.07865229994,False,FN,0.9213476777
S077,2028-06-05,1,0.07865229994,False,FN,0.9213476777
S077,2028-06-03,1,0.07865229994,False,FN,0.9213476777
S048,2028-07-24,1,0.07866513729,False,FN,0.9213348627
S044,2028-08-21,1,0.07881009579,False,FN,0.9211899042
S069,2028-07-05,1,0.07885327935,False,FN,0.9211467505
S076,2028-06-24,1,0.07885327935,False,FN,0.9211467505
S076,2028-06-23,1,0.07885327935,False,FN,0.9211467505
S058,2028-08-19,1,0.07909594476,False,FN,0.9209040403
S014,2028-06-05,1,0.0791965872,False,FN,0.9208034277
S031,2028-07-10,1,0.07920910418,False,FN,0.9207909107
S043,2028-08-29,1,0.07940907031,False,FN,0.9205909371
S028,2028-07-08,1,0.07975530624,False,FN,0.9202446938
S005,2028-07-02,1,0.07986687869,False,FN,0.9201331139
S029,2028-07-02,1,0.08009408414,False,FN,0.919905901
S051,2028-05-31,1,0.0801467672,False,FN,0.9198532104
S031,2028-07-09,1,0.08024787158,False,FN,0.919752121
S031,2028-07-08,1,0.08024787158,False,FN,0.919752121
S085,2028-08-31,1,0.08036841452,False,FN,0.9196316004
S085,2028-09-02,1,0.08036841452,False,FN,0.9196316004
S085,2028-09-03,1,0.08036841452,False,FN,0.9196316004
S085,2028-09-01,1,0.08036841452,False,FN,0.9196316004
S085,2028-08-30,1,0.08036841452,False,FN,0.9196316004
S084,2028-06-12,1,0.08060026169,False,FN,0.9193997383
S090,2028-07-26,1,0.08067826182,False,FN,0.9193217158
S022,2028-08-19,1,0.080839701,False,FN,0.9191603065
S051,2028-05-30,1,0.08097200841,False,FN,0.9190279841
S094,2028-07-25,1,0.08101255447,False,FN,0.918987453
S094,2028-07-26,1,0.08101255447,False,FN,0.918987453
S094,2028-07-27,1,0.08101255447,False,FN,0.918987453
S041,2028-06-15,1,0.08101909608,False,FN,0.9189808965
S031,2028-07-05,1,0.08107406646,False,FN,0.918925941
S025,2028-08-09,1,0.08108444512,False,FN,0.9189155698
S062,2028-07-03,1,0.08111152053,False,FN,0.9188884497
S062,2028-07-02,1,0.08111152053,False,FN,0.9188884497
S005,2028-07-04,1,0.08130335808,False,FN,0.9186966419
S088,2028-06-21,1,0.08150245994,False,FN,0.9184975624
S062,2028-06-30,1,0.08194670081,False,FN,0.9180532694
S006,2028-07-18,1,0.08211616427,False,FN,0.9178838134
S004,2028-06-16,1,0.08216516674,False,FN,0.9178348184
S071,2028-07-07,1,0.0822217539,False,FN,0.9177782536
S071,2028-07-06,1,0.0822217539,False,FN,0.9177782536
S066,2028-06-18,1,0.08231492341,False,FN,0.9176850915
S009,2028-08-20,1,0.08242708445,False,FN,0.9175729156
S009,2028-07-13,1,0.08242708445,False,FN,0.9175729156
S099,2028-07-12,1,0.08271042258,False,FN,0.9172895551
S059,2028-06-09,1,0.08293043077,False,FN,0.9170695543
S089,2028-08-30,1,0.08293043077,False,FN,0.9170695543
S089,2028-07-10,1,0.08295082301,False,FN,0.9170491695
S041,2028-06-11,1,0.08311403543,False,FN,0.916885972
S022,2028-06-03,1,0.08330124617,False,FN,0.9166987538
S022,2028-06-07,1,0.08330124617,False,FN,0.9166987538
S025,2028-08-10,1,0.0833376646,False,FN,0.9166623354
S061,2028-08-11,1,0.08334815502,False,FN,0.916651845
S066,2028-06-22,1,0.08339072019,False,FN,0.9166092873
S071,2028-07-09,1,0.08347818255,False,FN,0.9165217876
S039,2028-07-16,1,0.08347818255,False,FN,0.9165217876
S069,2028-07-07,1,0.08392134309,False,FN,0.9160786867
S062,2028-07-05,1,0.08400121331,False,FN,0.9159988165
S041,2028-06-10,1,0.08408048004,False,FN,0.9159195423
S066,2028-07-10,1,0.08424630016,False,FN,0.9157537222
S006,2028-07-20,1,0.08439543098,False,FN,0.9156045914
S088,2028-06-22,1,0.08440480381,False,FN,0.9155951738
S084,2028-06-17,1,0.08455184102,False,FN,0.9154481888
S084,2028-06-19,1,0.08455184102,False,FN,0.9154481888
S084,2028-06-20,1,0.08455184102,False,FN,0.9154481888
S084,2028-06-18,1,0.08455184102,False,FN,0.9154481888
S065,2028-08-02,1,0.08455184102,False,FN,0.9154481888
S065,2028-08-04,1,0.08455184102,False,FN,0.9154481888
S065,2028-08-03,1,0.08455184102,False,FN,0.9154481888
S065,2028-08-06,1,0.08455184102,False,FN,0.9154481888
S065,2028-08-05,1,0.08455184102,False,FN,0.9154481888
S065,2028-08-07,1,0.08455184102,False,FN,0.9154481888
S054,2028-06-25,1,0.08457265049,False,FN,0.9154273272
S001,2028-07-22,1,0.08494427055,False,FN,0.9150557518
S001,2028-07-24,1,0.08494427055,False,FN,0.9150557518
S001,2028-07-19,1,0.08494427055,False,FN,0.9150557518
S001,2028-07-20,1,0.08494427055,False,FN,0.9150557518
S001,2028-07-21,1,0.08494427055,False,FN,0.9150557518
S001,2028-07-25,1,0.08494427055,False,FN,0.9150557518
S001,2028-07-23,1,0.08494427055,False,FN,0.9150557518
S091,2028-08-22,1,0.08500923216,False,FN,0.9149907827
S089,2028-08-29,1,0.08532436937,False,FN,0.914675653
S066,2028-06-20,1,0.0857020542,False,FN,0.9142979383
S006,2028-07-16,1,0.08572711051,False,FN,0.9142729044
S029,2028-06-28,1,0.08573558927,False,FN,0.9142644405
S029,2028-06-30,1,0.08573558927,False,FN,0.9142644405
S029,2028-06-27,1,0.08573558927,False,FN,0.9142644405
S029,2028-06-29,1,0.08573558927,False,FN,0.9142644405
S089,2028-07-08,1,0.0858508721,False,FN,0.9141491055
S093,2028-09-01,1,0.0861742273,False,FN,0.9138257504
S066,2028-06-19,1,0.08622580022,False,FN,0.9137741923
S036,2028-07-18,1,0.0862371102,False,FN,0.9137628675
S053,2028-08-05,1,0.08623833209,False,FN,0.9137616754
S058,2028-07-29,1,0.08652875572,False,FN,0.9134712219
S083,2028-07-27,1,0.08669249713,False,FN,0.913307488
S083,2028-07-26,1,0.08669249713,False,FN,0.913307488
S053,2028-07-20,1,0.0867273286,False,FN,0.9132726789
S004,2028-06-17,1,0.08681482077,False,FN,0.9131851792
S004,2028-06-20,1,0.08681482077,False,FN,0.9131851792
S036,2028-08-26,1,0.08700662106,False,FN,0.9129933715
S054,2028-06-26,1,0.08725454658,False,FN,0.9127454758
S022,2028-06-04,1,0.08725454658,False,FN,0.9127454758
S081,2028-08-30,1,0.08744544536,False,FN,0.9125545621
S084,2028-06-11,1,0.08752660453,False,FN,0.9124733806
S059,2028-06-06,1,0.08752660453,False,FN,0.9124733806
S059,2028-06-07,1,0.08752660453,False,FN,0.9124733806
S084,2028-06-07,1,0.08752660453,False,FN,0.9124733806
S084,2028-06-06,1,0.08752660453,False,FN,0.9124733806
S014,2028-06-06,1,0.08789086342,False,FN,0.9121091366
S054,2028-06-22,1,0.08804377168,False,FN,0.9119562507
S042,2028-07-17,1,0.08823002875,False,FN,0.9117699862
S004,2028-07-05,1,0.08825290948,False,FN,0.911747098
S090,2028-07-28,1,0.08829128742,False,FN,0.9117087126
S094,2028-07-28,1,0.08833119273,False,FN,0.9116687775
S094,2028-07-24,1,0.08833119273,False,FN,0.9116687775
S100,2028-08-11,1,0.08844219148,False,FN,0.9115577936
S069,2028-07-06,1,0.08866075426,False,FN,0.9113392234
S030,2028-08-08,1,0.08875906467,False,FN,0.9112409353
S062,2028-07-04,1,0.08876145631,False,FN,0.9112385511
S081,2028-09-03,1,0.08895110339,False,FN,0.9110488892
S041,2028-06-14,1,0.08901018649,False,FN,0.910989821
S041,2028-07-27,1,0.08901018649,False,FN,0.910989821
S089,2028-07-06,1,0.08928850293,False,FN,0.9107115269
S090,2028-07-22,1,0.08948342502,False,FN,0.9105165601
S046,2028-08-20,1,0.08949957043,False,FN,0.9105004072
S062,2028-08-06,1,0.08957990259,False,FN,0.9104201198
S094,2028-07-23,1,0.08967187256,False,FN,0.9103281498
S041,2028-07-26,1,0.08970560879,False,FN,0.9102944136
S053,2028-07-01,1,0.08977112174,False,FN,0.9102288485
S004,2028-07-07,1,0.08977112174,False,FN,0.9102288485
S053,2028-07-02,1,0.08977112174,False,FN,0.9102288485
S004,2028-07-06,1,0.08977112174,False,FN,0.9102288485
S090,2028-07-27,1,0.08981007338,False,FN,0.9101899266
S090,2028-07-25,1,0.08981007338,False,FN,0.9101899266
S059,2028-06-10,1,0.08983916044,False,FN,0.9101608396
S031,2028-07-07,1,0.0899181813,False,FN,0.9100818038
S031,2028-07-06,1,0.0899181813,False,FN,0.9100818038
S100,2028-08-12,1,0.08996331692,False,FN,0.9100366831
S043,2028-08-31,1,0.08996331692,False,FN,0.9100366831
S053,2028-07-14,1,0.09031727165,False,FN,0.9096827507
S053,2028-07-15,1,0.09031727165,False,FN,0.9096827507
S053,2028-08-09,1,0.09031727165,False,FN,0.9096827507
S053,2028-08-07,1,0.09031727165,False,FN,0.9096827507
S053,2028-07-16,1,0.09031727165,False,FN,0.9096827507
S053,2028-08-10,1,0.09031727165,False,FN,0.9096827507
S053,2028-08-11,1,0.09031727165,False,FN,0.9096827507
S053,2028-08-08,1,0.09031727165,False,FN,0.9096827507
S009,2028-07-15,1,0.0905706659,False,FN,0.9094293118
S003,2028-08-19,1,0.09059097618,False,FN,0.9094090462
S003,2028-08-20,1,0.09059097618,False,FN,0.9094090462
S028,2028-07-07,1,0.09072621912,False,FN,0.9092738032
S028,2028-07-04,1,0.09072621912,False,FN,0.9092738032
S016,2028-07-27,1,0.09079171717,False,FN,0.9092082977
S016,2028-07-26,1,0.09079171717,False,FN,0.9092082977
S025,2028-08-12,1,0.09084559977,False,FN,0.9091544151
S025,2028-08-11,1,0.09084559977,False,FN,0.9091544151
S041,2028-07-28,1,0.0910693109,False,FN,0.9089306593
S077,2028-05-31,1,0.09115065634,False,FN,0.9088493586
S077,2028-06-02,1,0.09115065634,False,FN,0.9088493586
S066,2028-08-26,1,0.0912989974,False,FN,0.9087010026
S066,2028-08-27,1,0.0912989974,False,FN,0.9087010026
S064,2028-06-02,1,0.0912989974,False,FN,0.9087010026
S009,2028-07-14,1,0.09140409529,False,FN,0.9085959196
S053,2028-08-06,1,0.09168503433,False,FN,0.9083149433
S062,2028-07-06,1,0.09168709069,False,FN,0.9083129168
S003,2028-08-15,1,0.0919624567,False,FN,0.9080375433
S048,2028-07-23,1,0.09196681529,False,FN,0.9080331922
S006,2028-07-22,1,0.09198909998,False,FN,0.9080109
S003,2028-08-21,1,0.09217472374,False,FN,0.9078252912
S091,2028-08-24,1,0.09233438224,False,FN,0.9076656103
S091,2028-08-26,1,0.09233438224,False,FN,0.9076656103
S019,2028-08-14,1,0.09252976626,False,FN,0.9074702263
S046,2028-08-16,1,0.09256574512,False,FN,0.9074342251
S087,2028-07-27,1,0.09256574512,False,FN,0.9074342251
S019,2028-07-03,1,0.09271363914,False,FN,0.907286346
S077,2028-07-31,1,0.09271363914,False,FN,0.907286346
S077,2028-06-01,1,0.09271363914,False,FN,0.907286346
S099,2028-07-18,1,0.09274353087,False,FN,0.907256484
S028,2028-07-02,1,0.09297855943,False,FN,0.9070214629
S005,2028-07-03,1,0.09309636056,False,FN,0.9069036245
S098,2028-07-06,1,0.09318239242,False,FN,0.906817615
S047,2028-07-18,1,0.09351042658,False,FN,0.9064895511
S047,2028-07-19,1,0.09351042658,False,FN,0.9064895511
S047,2028-07-20,1,0.09351042658,False,FN,0.9064895511
S058,2028-07-27,1,0.09359490126,False,FN,0.9064050913
S041,2028-06-13,1,0.09368543327,False,FN,0.9063145518
S061,2028-08-12,1,0.0938116461,False,FN,0.9061883688
S042,2028-07-20,1,0.0938116461,False,FN,0.9061883688
S042,2028-07-19,1,0.09390867501,False,FN,0.9060913324
S066,2028-08-25,1,0.09402129054,False,FN,0.9059786797
S046,2028-08-17,1,0.09412775934,False,FN,0.9058722258
S030,2028-08-19,1,0.09490884095,False,FN,0.9050911665
S059,2028-06-11,1,0.09493755549,False,FN,0.9050624371
S004,2028-06-19,1,0.09500902891,False,FN,0.9049909711
S036,2028-09-01,1,0.09507832676,False,FN,0.9049216509
S091,2028-08-23,1,0.09512323886,False,FN,0.9048767686
S084,2028-06-09,1,0.09537266195,False,FN,0.9046273232
S058,2028-08-18,1,0.09537266195,False,FN,0.9046273232
S084,2028-06-10,1,0.09537266195,False,FN,0.9046273232
S059,2028-06-05,1,0.09537266195,False,FN,0.9046273232
S046,2028-08-18,1,0.09576683491,False,FN,0.9042331576
S091,2028-08-25,1,0.09604856372,False,FN,0.9039514065
S095,2028-06-15,1,0.0960528329,False,FN,0.9039471745
S099,2028-07-16,1,0.09630955756,False,FN,0.9036904573
S099,2028-07-17,1,0.09630955756,False,FN,0.9036904573
S010,2028-07-02,1,0.09647976607,False,FN,0.9035202265
S010,2028-07-06,1,0.09647976607,False,FN,0.9035202265
S010,2028-07-01,1,0.09647976607,False,FN,0.9035202265
S010,2028-07-04,1,0.09647976607,False,FN,0.9035202265
S010,2028-07-05,1,0.09647976607,False,FN,0.9035202265
S010,2028-07-03,1,0.09647976607,False,FN,0.9035202265
S010,2028-06-30,1,0.09647976607,False,FN,0.9035202265
S089,2028-07-09,1,0.09655619413,False,FN,0.9034438133
S025,2028-08-13,1,0.09660357982,False,FN,0.9033964276
S022,2028-06-24,1,0.09680882841,False,FN,0.9031911492
S037,2028-07-26,1,0.09680882841,False,FN,0.9031911492
S084,2028-06-08,1,0.09680882841,False,FN,0.9031911492
S071,2028-07-10,1,0.09681179374,False,FN,0.9031882286
S060,2028-07-10,1,0.0969813019,False,FN,0.903018713
S036,2028-08-29,1,0.0971538052,False,FN,0.9028462172
S060,2028-07-09,1,0.09717310965,False,FN,0.9028269053
S039,2028-07-21,1,0.09719017893,False,FN,0.9028097987
S039,2028-07-22,1,0.09719017893,False,FN,0.9028097987
S082,2028-07-31,1,0.09719831496,False,FN,0.9028016925
S081,2028-08-06,1,0.09735630453,False,FN,0.9026436806
S095,2028-06-18,1,0.09749815613,False,FN,0.9025018215
S036,2028-08-27,1,0.09750548005,False,FN,0.9024945498
S030,2028-08-18,1,0.09750548005,False,FN,0.9024945498
S088,2028-06-26,1,0.09754355997,False,FN,0.9024564624
S088,2028-06-24,1,0.09754355997,False,FN,0.9024564624
S082,2028-09-03,1,0.09762185812,False,FN,0.9023781419
S095,2028-06-17,1,0.09769082814,False,FN,0.9023091793
S095,2028-06-16,1,0.09769082814,False,FN,0.9023091793
S094,2028-07-22,1,0.09771832079,False,FN,0.9022817016
S087,2028-07-28,1,0.09774128348,False,FN,0.9022586942
S053,2028-06-30,1,0.09779682755,False,FN,0.9022032022
S004,2028-07-02,1,0.09779682755,False,FN,0.9022032022
S004,2028-07-01,1,0.09779682755,False,FN,0.9022032022
S010,2028-06-07,1,0.09781261533,False,FN,0.902187407
S010,2028-06-08,1,0.09781261533,False,FN,0.902187407
S058,2028-08-15,1,0.09788809717,False,FN,0.9021118879
S087,2028-07-26,1,0.09790628403,False,FN,0.9020937085
S062,2028-08-05,1,0.09794287384,False,FN,0.9020571113
S043,2028-09-02,1,0.09800434858,False,FN,0.9019956589
S072,2028-06-21,1,0.09800434858,False,FN,0.9019956589
S043,2028-09-01,1,0.09800434858,False,FN,0.9019956589
S089,2028-07-07,1,0.09800825268,False,FN,0.901991725
S082,2028-08-02,1,0.09806977212,False,FN,0.901930213
S041,2028-07-29,1,0.09814791381,False,FN,0.9018520713
S088,2028-06-23,1,0.09829846025,False,FN,0.9017015696
S088,2028-06-27,1,0.09829846025,False,FN,0.9017015696
S064,2028-05-30,1,0.09835703671,False,FN,0.9016429782
S028,2028-07-03,1,0.09835703671,False,FN,0.9016429782
S090,2028-08-26,1,0.09846155345,False,FN,0.9015384316
S060,2028-07-11,1,0.09863340855,False,FN,0.9013665915
S048,2028-07-21,1,0.09880082309,False,FN,0.901199162
S016,2028-07-22,1,0.09889874607,False,FN,0.9011012316
S016,2028-07-25,1,0.09889874607,False,FN,0.9011012316
S058,2028-07-24,1,0.09912924469,False,FN,0.9008707404
S037,2028-07-25,1,0.09919571877,False,FN,0.9008042812
S022,2028-07-13,1,0.09919571877,False,FN,0.9008042812
S046,2028-08-19,1,0.09920920432,False,FN,0.9007908106
S053,2028-07-19,1,0.099265486,False,FN,0.9007345438
S053,2028-06-29,1,0.0993675366,False,FN,0.900632441
S090,2028-08-25,1,0.09941542894,False,FN,0.9005845785
S047,2028-07-17,1,0.0994188413,False,FN,0.900581181
S006,2028-07-21,1,0.09945259988,False,FN,0.9005473852
S082,2028-06-29,1,0.09947749972,False,FN,0.9005224705
S022,2028-07-15,1,0.09955394268,False,FN,0.9004460573
S084,2028-06-16,1,0.09955394268,False,FN,0.9004460573
S037,2028-07-27,1,0.09955394268,False,FN,0.9004460573
S082,2028-08-01,1,0.09959374368,False,FN,0.9004062414
S031,2028-07-11,1,0.09962650388,False,FN,0.9003735185
S042,2028-07-23,1,0.09965541959,False,FN,0.9003446102
S041,2028-07-25,1,0.09972440451,False,FN,0.900275588
S042,2028-07-21,1,0.09973701835,False,FN,0.9002629519
S088,2028-06-25,1,0.09994655848,False,FN,0.9000534415
S077,2028-06-18,1,0.1001827046,False,FN,0.8998172879
S053,2028-07-17,1,0.100297235,False,FN,0.8997027874
S083,2028-07-28,1,0.1003293842,False,FN,0.8996706009
S005,2028-07-01,1,0.1006397456,False,FN,0.8993602395
S016,2028-07-21,1,0.1006578356,False,FN,0.8993421793
S019,2028-08-15,1,0.1009732336,False,FN,0.8990267515
S019,2028-07-02,1,0.1009732336,False,FN,0.8990267515
S003,2028-08-18,1,0.1013695523,False,FN,0.8986304402
S003,2028-08-17,1,0.1013695523,False,FN,0.8986304402
S022,2028-07-12,1,0.1013855785,False,FN,0.8986144066
S022,2028-06-21,1,0.1013855785,False,FN,0.8986144066
S058,2028-08-16,1,0.1013855785,False,FN,0.8986144066
S041,2028-07-24,1,0.101450026,False,FN,0.898549974
S041,2028-08-12,1,0.1016055346,False,FN,0.8983944654
S041,2028-08-13,1,0.1016055346,False,FN,0.8983944654
S041,2028-06-09,1,0.1016055346,False,FN,0.8983944654
S046,2028-08-31,1,0.1016354784,False,FN,0.8983645439
S046,2028-09-02,1,0.1016354784,False,FN,0.8983645439
S046,2028-09-01,1,0.1016354784,False,FN,0.8983645439
S004,2028-06-18,1,0.1017638147,False,FN,0.8982361555
S072,2028-06-23,1,0.1019210145,False,FN,0.8980789781
S053,2028-06-26,1,0.1020723805,False,FN,0.8979276419
S053,2028-06-27,1,0.1020723805,False,FN,0.8979276419
S005,2028-07-06,1,0.1021462902,False,FN,0.8978537321
S043,2028-08-28,1,0.102287963,False,FN,0.8977120519
S028,2028-07-05,1,0.1024172455,False,FN,0.8975827694
S019,2028-08-17,1,0.1024841815,False,FN,0.8975158334
S019,2028-08-13,1,0.1024841815,False,FN,0.8975158334
S064,2028-06-01,1,0.1026782021,False,FN,0.8973218203
S066,2028-08-30,1,0.1026782021,False,FN,0.8973218203
S039,2028-07-17,1,0.102678746,False,FN,0.8973212242
S022,2028-06-05,1,0.1026823968,False,FN,0.8973175883
S022,2028-06-19,1,0.1030795202,False,FN,0.8969205022
S022,2028-06-20,1,0.1030795202,False,FN,0.8969205022
S036,2028-07-17,1,0.1031216532,False,FN,0.8968783617
S041,2028-08-14,1,0.103407234,False,FN,0.8965927362
S062,2028-08-07,1,0.1036194488,False,FN,0.8963805437
S037,2028-06-28,1,0.1041493937,False,FN,0.8958505988
S056,2028-06-29,1,0.1042768583,False,FN,0.8957231641
S056,2028-06-28,1,0.1042768583,False,FN,0.8957231641
S056,2028-06-27,1,0.1042768583,False,FN,0.8957231641
S037,2028-07-24,1,0.1046183184,False,FN,0.8953816891
S039,2028-07-19,1,0.1046897396,False,FN,0.8953102827
S089,2028-08-27,1,0.1048564389,False,FN,0.8951435685
S062,2028-08-09,1,0.1049946994,False,FN,0.8950052857
S013,2028-07-07,1,0.1050959155,False,FN,0.8949040771
S099,2028-07-13,1,0.105274342,False,FN,0.8947256804
S087,2028-07-29,1,0.10527841,False,FN,0.8947215676
S087,2028-07-30,1,0.10527841,False,FN,0.8947215676
S003,2028-08-16,1,0.1054049581,False,FN,0.894595027
S017,2028-05-30,1,0.1054215729,False,FN,0.8945784569
S022,2028-06-25,1,0.1054215729,False,FN,0.8945784569
S037,2028-06-30,1,0.1055041626,False,FN,0.8944958448
S006,2028-05-30,1,0.1055343598,False,FN,0.8944656253
S041,2028-08-10,1,0.1056492403,False,FN,0.8943507671
S066,2028-08-29,1,0.1056861058,False,FN,0.8943138719
S030,2028-08-09,1,0.1056861058,False,FN,0.8943138719
S030,2028-08-07,1,0.1056861058,False,FN,0.8943138719
S090,2028-07-23,1,0.1057217345,False,FN,0.8942782879
S090,2028-07-24,1,0.1057217345,False,FN,0.8942782879
S091,2028-08-28,1,0.105762586,False,FN,0.8942373991
S091,2028-08-27,1,0.105762586,False,FN,0.8942373991
S060,2028-07-14,1,0.1057836115,False,FN,0.8942164183
S098,2028-07-08,1,0.1058967188,False,FN,0.8941032887
S043,2028-09-03,1,0.1058989763,False,FN,0.8941010237
S036,2028-08-28,1,0.1061420143,False,FN,0.8938579559
S030,2028-08-17,1,0.1061420143,False,FN,0.8938579559
S039,2028-07-20,1,0.1062272936,False,FN,0.8937727213
S095,2028-06-14,1,0.1063418463,False,FN,0.8936581612
S081,2028-08-12,1,0.1063610315,False,FN,0.8936389685
S058,2028-08-17,1,0.1069961116,False,FN,0.893003881
S089,2028-08-28,1,0.1069961116,False,FN,0.893003881
S037,2028-06-29,1,0.1070748419,False,FN,0.8929251432
S082,2028-06-28,1,0.107132636,False,FN,0.8928673863
S019,2028-08-12,1,0.1072973609,False,FN,0.8927026391
S077,2028-08-02,1,0.1072973609,False,FN,0.8927026391
S001,2028-08-09,1,0.1073746234,False,FN,0.8926253915
S001,2028-08-11,1,0.1073746234,False,FN,0.8926253915
S001,2028-08-10,1,0.1073746234,False,FN,0.8926253915
S054,2028-06-28,1,0.1073804498,False,FN,0.8926195502
S066,2028-08-28,1,0.107443288,False,FN,0.8925567269
S064,2028-05-31,1,0.107443288,False,FN,0.8925567269
S098,2028-07-09,1,0.1074498743,False,FN,0.8925501108
S072,2028-06-22,1,0.1074748188,False,FN,0.8925251961
S002,2028-06-16,1,0.107587032,False,FN,0.8924129605
S047,2028-07-21,1,0.1079755574,False,FN,0.8920244575
S046,2028-08-29,1,0.108087346,False,FN,0.8919126391
S098,2028-07-11,1,0.1083059832,False,FN,0.8916940093
S022,2028-07-14,1,0.1083501354,False,FN,0.8916498423
S037,2028-07-28,1,0.1083501354,False,FN,0.8916498423
S058,2028-08-14,1,0.1083501354,False,FN,0.8916498423
S022,2028-07-18,1,0.1083501354,False,FN,0.8916498423
S017,2028-06-28,1,0.1087218821,False,FN,0.8912781477
S056,2028-06-23,1,0.1087875292,False,FN,0.8912124634
S019,2028-08-16,1,0.1088914722,False,FN,0.8911085129
S019,2028-08-18,1,0.1088914722,False,FN,0.8911085129
S058,2028-07-26,1,0.108934544,False,FN,0.8910654783
S077,2028-08-01,1,0.1090780571,False,FN,0.8909219503
S077,2028-08-05,1,0.1090780571,False,FN,0.8909219503
S052,2028-09-03,1,0.1093441695,False,FN,0.8906558156
S069,2028-07-08,1,0.1094141081,False,FN,0.8905858994
S069,2028-07-09,1,0.1094141081,False,FN,0.8905858994
S037,2028-07-02,1,0.1096840948,False,FN,0.8903158903
S037,2028-07-01,1,0.1096840948,False,FN,0.8903158903
S041,2028-08-11,1,0.1097549424,False,FN,0.89024508
S071,2028-07-12,1,0.1097784266,False,FN,0.8902215958
S060,2028-07-15,1,0.1099732742,False,FN,0.8900267482
S060,2028-07-12,1,0.1099732742,False,FN,0.8900267482
S083,2028-05-30,1,0.1100295931,False,FN,0.8899704218
S046,2028-08-30,1,0.110283792,False,FN,0.889716208
S071,2028-07-11,1,0.1106630117,False,FN,0.8893370032
S056,2028-06-26,1,0.1107824072,False,FN,0.8892176151
S082,2028-08-20,1,0.1108678579,False,FN,0.8891321421
S016,2028-07-23,1,0.1108992472,False,FN,0.8891007304
S016,2028-07-24,1,0.1108992472,False,FN,0.8891007304
S098,2028-07-07,1,0.1109415218,False,FN,0.8890584707
S083,2028-07-29,1,0.1110202223,False,FN,0.8889797926
S042,2028-08-04,1,0.1110636443,False,FN,0.8889363408
S053,2028-07-18,1,0.1110636443,False,FN,0.8889363408
S053,2028-06-28,1,0.1110636443,False,FN,0.8889363408
S088,2028-07-09,1,0.1111990362,False,FN,0.8888009787
S009,2028-07-16,1,0.1112143472,False,FN,0.8887856603
S052,2028-09-01,1,0.1112157106,False,FN,0.8887842894
S052,2028-09-02,1,0.1112157106,False,FN,0.8887842894
S010,2028-06-09,1,0.1113227084,False,FN,0.888677299
S030,2028-08-11,1,0.1115050837,False,FN,0.8884949088
S022,2028-06-06,1,0.1117206886,False,FN,0.8882793188
S019,2028-08-23,1,0.1120762974,False,FN,0.8879237175
S019,2028-08-25,1,0.1120762974,False,FN,0.8879237175
S019,2028-08-24,1,0.1120762974,False,FN,0.8879237175
S019,2028-08-22,1,0.1120762974,False,FN,0.8879237175
S041,2028-07-30,1,0.1123169363,False,FN,0.8876830339
S072,2028-06-20,1,0.112323232,False,FN,0.8876767755
S099,2028-07-15,1,0.1126917228,False,FN,0.8873082995
S099,2028-07-14,1,0.1126917228,False,FN,0.8873082995
S030,2028-08-16,1,0.1127492711,False,FN,0.8872507215
S058,2028-07-25,1,0.112815015,False,FN,0.8871849775
S013,2028-07-05,1,0.1129498482,False,FN,0.8870501518
S077,2028-08-06,1,0.1131938249,False,FN,0.88680619
S013,2028-07-06,1,0.1135975718,False,FN,0.8864024282
S078,2028-05-30,1,0.1136068627,False,FN,0.8863931298
S028,2028-07-06,1,0.113859877,False,FN,0.8861401081
S035,2028-08-08,1,0.1139183715,False,FN,0.886081636
S073,2028-07-29,1,0.1139183715,False,FN,0.886081636
S077,2028-06-19,1,0.1139921546,False,FN,0.8860078454
S060,2028-07-13,1,0.114225544,False,FN,0.8857744336
S036,2028-08-30,1,0.1146088392,False,FN,0.8853911757
S036,2028-08-31,1,0.1146088392,False,FN,0.8853911757
S062,2028-08-08,1,0.1146162078,False,FN,0.8853837848
S019,2028-07-08,1,0.1146162078,False,FN,0.8853837848
S019,2028-07-05,1,0.1146162078,False,FN,0.8853837848
S077,2028-08-03,1,0.1148642749,False,FN,0.8851357102
S022,2028-06-22,1,0.1151558235,False,FN,0.8848441839
S012,2028-06-18,1,0.1158968434,False,FN,0.884103179
S012,2028-06-19,1,0.1158968434,False,FN,0.884103179
S088,2028-07-08,1,0.1159852073,False,FN,0.8840147853
S088,2028-07-04,1,0.1159852073,False,FN,0.8840147853
S025,2028-08-25,1,0.1163279787,False,FN,0.883671999
S062,2028-08-04,1,0.1163641363,False,FN,0.8836358786
S006,2028-05-31,1,0.1167078838,False,FN,0.8832921386
S022,2028-06-23,1,0.1169700697,False,FN,0.8830299377
S002,2028-06-15,1,0.1170007586,False,FN,0.8829992414
S002,2028-06-17,1,0.1170007586,False,FN,0.8829992414
S047,2028-07-22,1,0.1173919365,False,FN,0.8826080561
S026,2028-06-02,1,0.1177730411,False,FN,0.882226944
S083,2028-07-30,1,0.1178911254,False,FN,0.8821088672
S006,2028-06-10,1,0.1179800257,False,FN,0.8820199966
S072,2028-06-25,1,0.1181815565,False,FN,0.8818184137
S072,2028-06-26,1,0.1181815565,False,FN,0.8818184137
S079,2028-06-14,1,0.118326813,False,FN,0.8816732168
S079,2028-06-13,1,0.118326813,False,FN,0.8816732168
S079,2028-06-15,1,0.118326813,False,FN,0.8816732168
S012,2028-06-22,1,0.1184638366,False,FN,0.8815361857
S005,2028-07-07,1,0.1185281351,False,FN,0.8814718723
S090,2028-08-24,1,0.1187210605,False,FN,0.8812789321
S089,2028-07-29,1,0.1189547107,False,FN,0.8810452819
S089,2028-07-27,1,0.1189547107,False,FN,0.8810452819
S012,2028-06-24,1,0.1190388799,False,FN,0.8809611201
S047,2028-07-23,1,0.119040437,False,FN,0.8809595704
S095,2028-06-12,1,0.1191260964,False,FN,0.8808739185
S017,2028-07-02,1,0.1196778566,False,FN,0.8803221583
S017,2028-06-30,1,0.1196778566,False,FN,0.8803221583
S017,2028-07-04,1,0.1196778566,False,FN,0.8803221583
S017,2028-07-03,1,0.1196778566,False,FN,0.8803221583
S017,2028-07-01,1,0.1196778566,False,FN,0.8803221583
S037,2028-06-26,1,0.1196778566,False,FN,0.8803221583
S039,2028-07-18,1,0.1196778566,False,FN,0.8803221583
S037,2028-06-27,1,0.1196778566,False,FN,0.8803221583
S083,2028-08-01,1,0.1198240444,False,FN,0.8801759481
S013,2028-07-04,1,0.1198896691,False,FN,0.8801103234
S013,2028-07-08,1,0.1198896691,False,FN,0.8801103234
S030,2028-08-10,1,0.1199624538,False,FN,0.8800375462
S036,2028-07-16,1,0.1199624538,False,FN,0.8800375462
S072,2028-06-24,1,0.1201185808,False,FN,0.8798814416
S036,2028-07-19,1,0.1202073023,False,FN,0.8797926903
S087,2028-07-31,1,0.1203394681,False,FN,0.8796605468
S078,2028-05-31,1,0.1204391196,False,FN,0.8795608878
S073,2028-07-30,1,0.1209442243,False,FN,0.8790557981
S019,2028-07-04,1,0.1209570318,False,FN,0.8790429831
S046,2028-09-03,1,0.1210217625,False,FN,0.8789782524
S017,2028-06-29,1,0.1214923859,False,FN,0.8785076141
S081,2028-08-07,1,0.1215559319,False,FN,0.8784440756
S081,2028-08-08,1,0.1215559319,False,FN,0.8784440756
S057,2028-08-01,1,0.1217617318,False,FN,0.8782382607
S057,2028-07-31,1,0.1217617318,False,FN,0.8782382607
S006,2028-08-06,1,0.1220982075,False,FN,0.8779017925
S087,2028-08-01,1,0.1221008822,False,FN,0.8778991103
S078,2028-06-01,1,0.1221763939,False,FN,0.8778235912
S082,2028-08-05,1,0.1224226579,False,FN,0.8775773644
S082,2028-08-06,1,0.1224226579,False,FN,0.8775773644
S082,2028-08-03,1,0.1224226579,False,FN,0.8775773644
S082,2028-07-02,1,0.1224226579,False,FN,0.8775773644
S082,2028-08-04,1,0.1224226579,False,FN,0.8775773644
S082,2028-07-01,1,0.1224226579,False,FN,0.8775773644
S082,2028-06-27,1,0.1224226579,False,FN,0.8775773644
S082,2028-06-30,1,0.1224226579,False,FN,0.8775773644
S041,2028-08-09,1,0.1224235147,False,FN,0.8775764704
S050,2028-07-24,1,0.1226001307,False,FN,0.8773998618
S073,2028-07-28,1,0.1229202226,False,FN,0.8770797849
S035,2028-08-09,1,0.1229202226,False,FN,0.8770797849
S026,2028-07-29,1,0.1229389161,False,FN,0.877061069
S089,2028-07-28,1,0.123422958,False,FN,0.8765770197
S025,2028-08-24,1,0.1234817579,False,FN,0.8765182495
S057,2028-08-02,1,0.1235154346,False,FN,0.8764845729
S019,2028-07-07,1,0.1236655191,False,FN,0.8763344884
S019,2028-07-06,1,0.1236655191,False,FN,0.8763344884
S006,2028-08-05,1,0.1240904257,False,FN,0.8759095669
S042,2028-08-03,1,0.1243365631,False,FN,0.8756634593
S042,2028-08-02,1,0.1243365631,False,FN,0.8756634593
S088,2028-07-10,1,0.1244858876,False,FN,0.8755140901
S073,2028-07-27,1,0.1249915063,False,FN,0.8750084639
S081,2028-08-11,1,0.1254350096,False,FN,0.8745650053
S077,2028-06-21,1,0.1259350628,False,FN,0.8740649223
S088,2028-07-07,1,0.1260299981,False,FN,0.8739700317
S006,2028-06-04,1,0.1261785775,False,FN,0.8738214374
S006,2028-06-01,1,0.1261785775,False,FN,0.8738214374
S006,2028-08-08,1,0.1261785775,False,FN,0.8738214374
S006,2028-06-02,1,0.1261785775,False,FN,0.8738214374
S002,2028-06-14,1,0.1262114942,False,FN,0.873788476
S010,2028-07-12,1,0.1263300776,False,FN,0.8736699224
S010,2028-07-11,1,0.1263300776,False,FN,0.8736699224
S035,2028-08-21,1,0.1273607612,False,FN,0.8726392388
S035,2028-08-20,1,0.1273607612,False,FN,0.8726392388
S035,2028-08-24,1,0.1273607612,False,FN,0.8726392388
S035,2028-08-23,1,0.1273607612,False,FN,0.8726392388
S035,2028-08-22,1,0.1273607612,False,FN,0.8726392388
S035,2028-08-10,1,0.1274835169,False,FN,0.8725165129
S026,2028-07-30,1,0.127502799,False,FN,0.872497201
S026,2028-07-31,1,0.127502799,False,FN,0.872497201
S098,2028-07-10,1,0.1276789457,False,FN,0.8723210692
S035,2028-08-11,1,0.1276916564,False,FN,0.8723083735
S022,2028-07-17,1,0.127729848,False,FN,0.8722701669
S037,2028-07-22,1,0.127729848,False,FN,0.8722701669
S012,2028-06-20,1,0.12776649,False,FN,0.87223351
S095,2028-06-13,1,0.1280782074,False,FN,0.8719217777
S082,2028-06-26,1,0.128135249,False,FN,0.8718647361
S025,2028-08-26,1,0.1284867674,False,FN,0.8715132475
S006,2028-08-07,1,0.1286907941,False,FN,0.8713092208
S073,2028-07-24,1,0.1288182884,False,FN,0.8711817265
S041,2028-08-08,1,0.1290310472,False,FN,0.8709689379
S090,2028-08-22,1,0.129074946,False,FN,0.8709250689
S073,2028-07-25,1,0.1293341219,False,FN,0.8706659079
S035,2028-08-07,1,0.1293341219,False,FN,0.8706659079
S056,2028-06-24,1,0.1293671131,False,FN,0.8706328869
S056,2028-06-25,1,0.1293671131,False,FN,0.8706328869
S062,2028-08-03,1,0.1295997202,False,FN,0.8704003096
S025,2028-08-21,1,0.1298617274,False,FN,0.8701382875
S002,2028-06-13,1,0.1301911622,False,FN,0.8698088527
S077,2028-06-20,1,0.1301954091,False,FN,0.8698046207
S006,2028-06-16,1,0.1302793175,False,FN,0.8697206974
S050,2028-08-09,1,0.1313874274,False,FN,0.8686125875
S050,2028-08-10,1,0.1313874274,False,FN,0.8686125875
S050,2028-08-15,1,0.1313874274,False,FN,0.8686125875
S050,2028-08-11,1,0.1313874274,False,FN,0.8686125875
S089,2028-08-25,1,0.1314224005,False,FN,0.8685775995
S089,2028-08-26,1,0.1314224005,False,FN,0.8685775995
S089,2028-08-24,1,0.1314224005,False,FN,0.8685775995
S077,2028-08-04,1,0.1320283711,False,FN,0.8679716587
S012,2028-06-23,1,0.133048892,False,FN,0.866951108
S050,2028-07-19,1,0.1331315041,False,FN,0.8668684959
S025,2028-08-20,1,0.1333760768,False,FN,0.8666239381
S082,2028-08-13,1,0.1333912611,False,FN,0.8666087389
S083,2028-07-31,1,0.133569926,False,FN,0.8664300442
S077,2028-06-22,1,0.1335902661,False,FN,0.866409719
S088,2028-07-05,1,0.1336901188,False,FN,0.8663098812
S081,2028-08-10,1,0.1341765374,False,FN,0.8658234477
S050,2028-07-23,1,0.1350513995,False,FN,0.8649486303
S050,2028-07-25,1,0.1350513995,False,FN,0.8649486303
S082,2028-08-19,1,0.1352865994,False,FN,0.8647134304
S022,2028-07-16,1,0.1354772151,False,FN,0.8645228148
S037,2028-07-23,1,0.1354772151,False,FN,0.8645228148
S010,2028-06-13,1,0.1355400234,False,FN,0.8644599915
S050,2028-08-13,1,0.1358035505,False,FN,0.8641964197
S088,2028-07-06,1,0.1358422041,False,FN,0.8641577959
S079,2028-06-16,1,0.1361977607,False,FN,0.8638022542
S089,2028-07-30,1,0.1364724785,False,FN,0.8635275364
S089,2028-08-01,1,0.1364724785,False,FN,0.8635275364
S001,2028-08-06,1,0.1366377771,False,FN,0.8633621931
S036,2028-07-22,1,0.1368031055,False,FN,0.8631969094
S036,2028-07-20,1,0.1368031055,False,FN,0.8631969094
S036,2028-07-21,1,0.1368031055,False,FN,0.8631969094
S073,2028-07-26,1,0.136966005,False,FN,0.8630340099
S042,2028-07-22,1,0.1371516287,False,FN,0.8628484011
S025,2028-08-23,1,0.1377179176,False,FN,0.8622820973
S025,2028-08-22,1,0.1377179176,False,FN,0.8622820973
S026,2028-06-01,1,0.1378882527,False,FN,0.8621117473
S035,2028-08-13,1,0.1389323324,False,FN,0.8610676527
S010,2028-07-13,1,0.1393622011,False,FN,0.860637784
S050,2028-08-14,1,0.1395097971,False,FN,0.8604902029
S057,2028-08-05,1,0.1397308111,False,FN,0.8602691889
S057,2028-08-06,1,0.1397308111,False,FN,0.8602691889
S081,2028-08-17,1,0.1397687942,False,FN,0.8602312207
S081,2028-08-15,1,0.1397687942,False,FN,0.8602312207
S006,2028-06-03,1,0.1402020305,False,FN,0.8597979546
S001,2028-08-05,1,0.1403058767,False,FN,0.8596941233
S079,2028-06-19,1,0.1403992474,False,FN,0.8596007824
S077,2028-06-23,1,0.1407038122,False,FN,0.8592962027
S057,2028-08-04,1,0.1408036202,False,FN,0.8591963649
S057,2028-08-03,1,0.1408036202,False,FN,0.8591963649
S050,2028-07-21,1,0.1411535293,False,FN,0.8588464856
S006,2028-08-11,1,0.1422071159,False,FN,0.8577928543
S098,2028-07-12,1,0.1423206031,False,FN,0.8576793671
S090,2028-08-23,1,0.142344147,False,FN,0.8576558828
S090,2028-08-20,1,0.142344147,False,FN,0.8576558828
S002,2028-06-12,1,0.1427230984,False,FN,0.8572769165
S081,2028-08-09,1,0.1429190487,False,FN,0.8570809364
S050,2028-07-20,1,0.1434058696,False,FN,0.8565941453
S013,2028-07-09,1,0.1440908313,False,FN,0.8559091687
S026,2028-07-25,1,0.1441555023,False,FN,0.8558444977
S035,2028-08-19,1,0.144982934,False,FN,0.855017066
S002,2028-05-31,1,0.1450728327,False,FN,0.8549271822
S002,2028-05-30,1,0.1450728327,False,FN,0.8549271822
S026,2028-08-16,1,0.1451364756,False,FN,0.8548635244
S050,2028-07-22,1,0.1454490423,False,FN,0.8545509577
S036,2028-08-02,1,0.1456070691,False,FN,0.8543929458
S036,2028-07-30,1,0.1456070691,False,FN,0.8543929458
S036,2028-08-01,1,0.1456070691,False,FN,0.8543929458
S036,2028-07-29,1,0.1456070691,False,FN,0.8543929458
S036,2028-07-27,1,0.1456070691,False,FN,0.8543929458
S036,2028-07-28,1,0.1456070691,False,FN,0.8543929458
S036,2028-07-31,1,0.1456070691,False,FN,0.8543929458
S035,2028-08-25,1,0.1463696063,False,FN,0.8536304235
S013,2028-07-10,1,0.1464592814,False,FN,0.8535407186
S079,2028-08-05,1,0.1468777657,False,FN,0.8531222343
S079,2028-08-04,1,0.1468777657,False,FN,0.8531222343
S079,2028-08-01,1,0.1468777657,False,FN,0.8531222343
S001,2028-08-07,1,0.1471367925,False,FN,0.8528631926
S001,2028-08-08,1,0.1471367925,False,FN,0.8528631926
S026,2028-08-17,1,0.1474749148,False,FN,0.852525115
S026,2028-08-30,1,0.1474749148,False,FN,0.852525115
S026,2028-08-18,1,0.1474749148,False,FN,0.852525115
S050,2028-08-12,1,0.1476804316,False,FN,0.8523195982
S089,2028-07-31,1,0.1484998465,False,FN,0.8515001535
S089,2028-08-02,1,0.1484998465,False,FN,0.8515001535
S050,2028-08-21,0,0.2390450537,True,FP,0.2390450537
S073,2028-08-06,0,0.2250062227,True,FP,0.2250062227
S073,2028-08-04,0,0.2221768051,True,FP,0.2221768051
S086,2028-06-05,0,0.2177139521,True,FP,0.2177139521
S086,2028-06-06,0,0.2177139521,True,FP,0.2177139521
S086,2028-06-07,0,0.2177139521,True,FP,0.2177139521
S050,2028-08-22,0,0.216555357,True,FP,0.216555357
S083,2028-06-09,0,0.2154911309,True,FP,0.2154911309
S050,2028-08-29,0,0.2141738981,True,FP,0.2141738981
S050,2028-08-30,0,0.2131560445,True,FP,0.2131560445
S050,2028-08-27,0,0.2113954276,True,FP,0.2113954276
S050,2028-08-20,0,0.2113249004,True,FP,0.2113249004
S050,2028-08-31,0,0.2103958577,True,FP,0.2103958577
S073,2028-08-08,0,0.2082182318,True,FP,0.2082182318
S073,2028-08-05,0,0.2082182318,True,FP,0.2082182318
S050,2028-08-19,0,0.2067797929,True,FP,0.2067797929
S073,2028-08-07,0,0.2045179456,True,FP,0.2045179456
S050,2028-08-28,0,0.2042285353,True,FP,0.2042285353
S023,2028-08-05,0,0.2039729506,True,FP,0.2039729506
S023,2028-08-04,0,0.2039729506,True,FP,0.2039729506
S079,2028-07-26,0,0.2038808465,True,FP,0.2038808465
S086,2028-06-09,0,0.2014066577,True,FP,0.2014066577
S050,2028-08-24,0,0.2009544373,True,FP,0.2009544373
S050,2028-08-23,0,0.2009544373,True,FP,0.2009544373
S060,2028-07-30,0,0.2006611228,True,FP,0.2006611228
S060,2028-07-29,0,0.2006611228,True,FP,0.2006611228
S019,2028-07-31,0,0.1984649301,True,FP,0.1984649301
S056,2028-07-06,0,0.1981023848,True,FP,0.1981023848
S073,2028-08-09,0,0.1975950152,True,FP,0.1975950152
S023,2028-07-17,0,0.1972710639,True,FP,0.1972710639
S086,2028-06-10,0,0.1970984787,True,FP,0.1970984787
S050,2028-09-02,0,0.1970918179,True,FP,0.1970918179
S050,2028-09-01,0,0.1960220337,True,FP,0.1960220337
S087,2028-08-12,0,0.1959817261,True,FP,0.1959817261
S086,2028-06-04,0,0.1956944615,True,FP,0.1956944615
S023,2028-07-28,0,0.1956379712,True,FP,0.1956379712
S023,2028-07-22,0,0.1956379712,True,FP,0.1956379712
S023,2028-08-07,0,0.1956379712,True,FP,0.1956379712
S023,2028-08-03,0,0.1956379712,True,FP,0.1956379712
S023,2028-07-27,0,0.1956379712,True,FP,0.1956379712
S086,2028-06-11,0,0.1944948882,True,FP,0.1944948882
S086,2028-06-12,0,0.1944948882,True,FP,0.1944948882
S023,2028-07-18,0,0.1935258657,True,FP,0.1935258657
S050,2028-08-26,0,0.1934292167,True,FP,0.1934292167
S023,2028-08-06,0,0.1933118105,True,FP,0.1933118105
S079,2028-07-27,0,0.1932346076,True,FP,0.1932346076
S086,2028-06-02,0,0.1931417584,True,FP,0.1931417584
S086,2028-06-03,0,0.1931417584,True,FP,0.1931417584
S012,2028-07-10,0,0.192464903,True,FP,0.192464903
S012,2028-07-06,0,0.192464903,True,FP,0.192464903
S012,2028-07-05,0,0.192464903,True,FP,0.192464903
S012,2028-07-07,0,0.192464903,True,FP,0.192464903
S012,2028-07-12,0,0.192464903,True,FP,0.192464903
S060,2028-08-04,0,0.1915232986,True,FP,0.1915232986
S026,2028-06-16,0,0.1900855899,True,FP,0.1900855899
S079,2028-06-27,0,0.1890580356,True,FP,0.1890580356
S056,2028-08-05,0,0.1883539408,True,FP,0.1883539408
S056,2028-08-07,0,0.1883539408,True,FP,0.1883539408
S056,2028-08-06,0,0.1883539408,True,FP,0.1883539408
S072,2028-07-15,0,0.1873666495,True,FP,0.1873666495
S072,2028-07-14,0,0.1873666495,True,FP,0.1873666495
S072,2028-07-16,0,0.1873666495,True,FP,0.1873666495
S072,2028-07-12,0,0.1873666495,True,FP,0.1873666495
S072,2028-07-13,0,0.1873666495,True,FP,0.1873666495
S072,2028-07-21,0,0.1873666495,True,FP,0.1873666495
S079,2028-06-28,0,0.1873557568,True,FP,0.1873557568
S079,2028-07-29,0,0.1873557568,True,FP,0.1873557568
S077,2028-08-13,0,0.1867140979,True,FP,0.1867140979
S023,2028-07-29,0,0.1866754144,True,FP,0.1866754144
S023,2028-07-30,0,0.1866754144,True,FP,0.1866754144
S050,2028-09-03,0,0.1865813285,True,FP,0.1865813285
S060,2028-08-08,0,0.1853284389,True,FP,0.1853284389
S019,2028-07-29,0,0.185290575,True,FP,0.185290575
S079,2028-09-01,0,0.1846794635,True,FP,0.1846794635
S079,2028-08-18,0,0.1846794635,True,FP,0.1846794635
S060,2028-05-30,0,0.1840528697,True,FP,0.1840528697
S012,2028-07-13,0,0.1836146116,True,FP,0.1836146116
S012,2028-07-02,0,0.1836146116,True,FP,0.1836146116
S019,2028-07-16,0,0.1836146116,True,FP,0.1836146116
S012,2028-06-03,0,0.1836146116,True,FP,0.1836146116
S056,2028-07-21,0,0.1829205751,True,FP,0.1829205751
S060,2028-08-10,0,0.1812861413,True,FP,0.1812861413
S050,2028-07-07,0,0.1806041747,True,FP,0.1806041747
S002,2028-06-06,0,0.1797815859,True,FP,0.1797815859
S002,2028-06-07,0,0.1797815859,True,FP,0.1797815859
S002,2028-06-10,0,0.1797815859,True,FP,0.1797815859
S023,2028-07-19,0,0.1794658452,True,FP,0.1794658452
S087,2028-08-04,0,0.1790320873,True,FP,0.1790320873
S056,2028-07-23,0,0.178919211,True,FP,0.178919211
S072,2028-07-17,0,0.1786988378,True,FP,0.1786988378
S086,2028-06-08,0,0.1782555431,True,FP,0.1782555431
S043,2028-08-06,0,0.1780292094,True,FP,0.1780292094
S043,2028-08-08,0,0.1780292094,True,FP,0.1780292094
S060,2028-08-07,0,0.1775766611,True,FP,0.1775766611
S006,2028-08-17,0,0.1769424826,True,FP,0.1769424826
S006,2028-08-19,0,0.1769424826,True,FP,0.1769424826
S006,2028-08-20,0,0.1769424826,True,FP,0.1769424826
S006,2028-08-21,0,0.1769424826,True,FP,0.1769424826
S006,2028-08-18,0,0.1769424826,True,FP,0.1769424826
S006,2028-08-16,0,0.1769424826,True,FP,0.1769424826
S060,2028-07-22,0,0.1769208759,True,FP,0.1769208759
S073,2028-07-07,0,0.1768358797,True,FP,0.1768358797
S073,2028-07-12,0,0.1768358797,True,FP,0.1768358797
S073,2028-07-21,0,0.1768358797,True,FP,0.1768358797
S073,2028-07-09,0,0.1768358797,True,FP,0.1768358797
S073,2028-07-22,0,0.1768358797,True,FP,0.1768358797
S073,2028-07-08,0,0.1768358797,True,FP,0.1768358797
S073,2028-07-10,0,0.1768358797,True,FP,0.1768358797
S023,2028-07-16,0,0.1766407639,True,FP,0.1766407639
S023,2028-07-15,0,0.1766407639,True,FP,0.1766407639
S056,2028-06-14,0,0.1765029877,True,FP,0.1765029877
S056,2028-07-24,0,0.1765029877,True,FP,0.1765029877
S056,2028-07-22,0,0.1765029877,True,FP,0.1765029877
S050,2028-08-25,0,0.1763771921,True,FP,0.1763771921
S023,2028-07-14,0,0.1753506213,True,FP,0.1753506213
S073,2028-07-16,0,0.175061509,True,FP,0.175061509
S031,2028-08-06,0,0.1747726649,True,FP,0.1747726649
S031,2028-08-05,0,0.1747726649,True,FP,0.1747726649
S086,2028-06-26,0,0.1744999737,True,FP,0.1744999737
S072,2028-07-11,0,0.174430564,True,FP,0.174430564
S056,2028-08-04,0,0.1737572551,True,FP,0.1737572551
S029,2028-07-25,0,0.1736622304,True,FP,0.1736622304
S029,2028-07-21,0,0.1736622304,True,FP,0.1736622304
S029,2028-07-22,0,0.1736622304,True,FP,0.1736622304
S039,2028-07-28,0,0.1736622304,True,FP,0.1736622304
S039,2028-07-26,0,0.1736622304,True,FP,0.1736622304
S073,2028-08-11,0,0.1730889976,True,FP,0.1730889976
S023,2028-07-24,0,0.1730062664,True,FP,0.1730062664
S023,2028-07-13,0,0.1730062664,True,FP,0.1730062664
S023,2028-08-02,0,0.1730062664,True,FP,0.1730062664
S023,2028-08-01,0,0.1730062664,True,FP,0.1730062664
S072,2028-07-20,0,0.1728302091,True,FP,0.1728302091
S019,2028-07-30,0,0.1724362075,True,FP,0.1724362075
S086,2028-06-25,0,0.1718572378,True,FP,0.1718572378
S026,2028-06-17,0,0.1716760397,True,FP,0.1716760397
S088,2028-07-13,0,0.1714711636,True,FP,0.1714711636
S002,2028-06-09,0,0.1713906229,True,FP,0.1713906229
S079,2028-08-19,0,0.1708742082,True,FP,0.1708742082
S079,2028-08-29,0,0.1708742082,True,FP,0.1708742082
S002,2028-07-24,0,0.1707426906,True,FP,0.1707426906
S002,2028-07-23,0,0.1707426906,True,FP,0.1707426906
S002,2028-07-22,0,0.1707426906,True,FP,0.1707426906
S002,2028-07-26,0,0.1707426906,True,FP,0.1707426906
S002,2028-07-25,0,0.1707426906,True,FP,0.1707426906
S073,2028-08-10,0,0.1705724597,True,FP,0.1705724597
S028,2028-07-17,0,0.1703774035,True,FP,0.1703774035
S012,2028-06-04,0,0.1701227576,True,FP,0.1701227576
S019,2028-07-17,0,0.1701227576,True,FP,0.1701227576
S077,2028-08-14,0,0.1701227576,True,FP,0.1701227576
S012,2028-06-02,0,0.1701227576,True,FP,0.1701227576
S019,2028-08-01,0,0.1701227576,True,FP,0.1701227576
S057,2028-08-13,0,0.1701227576,True,FP,0.1701227576
S012,2028-07-03,0,0.1701227576,True,FP,0.1701227576
S012,2028-07-14,0,0.1701227576,True,FP,0.1701227576
S019,2028-08-02,0,0.1701227576,True,FP,0.1701227576
S057,2028-08-10,0,0.1701227576,True,FP,0.1701227576
S013,2028-07-15,0,0.1701227576,True,FP,0.1701227576
S050,2028-08-01,0,0.1700057536,True,FP,0.1700057536
S056,2028-08-01,0,0.1699147075,True,FP,0.1699147075
S056,2028-08-02,0,0.1699147075,True,FP,0.1699147075
S056,2028-08-03,0,0.1699147075,True,FP,0.1699147075
S079,2028-06-29,0,0.1689939797,True,FP,0.1689939797
S079,2028-08-28,0,0.1682379395,True,FP,0.1682379395
S079,2028-07-05,0,0.1682379395,True,FP,0.1682379395
S079,2028-07-14,0,0.1682379395,True,FP,0.1682379395
S079,2028-08-31,0,0.1682379395,True,FP,0.1682379395
S056,2028-07-25,0,0.1682337224,True,FP,0.1682337224
S077,2028-07-12,0,0.1667498946,True,FP,0.1667498946
S077,2028-07-08,0,0.1667498946,True,FP,0.1667498946
S077,2028-07-11,0,0.1667498946,True,FP,0.1667498946
S079,2028-07-01,0,0.1666845828,True,FP,0.1666845828
S010,2028-06-19,0,0.166589722,True,FP,0.166589722
S037,2028-07-13,0,0.1665081978,True,FP,0.1665081978
S060,2028-06-01,0,0.1658228189,True,FP,0.1658228189
S079,2028-06-24,0,0.1655807346,True,FP,0.1655807346
S079,2028-06-25,0,0.1655807346,True,FP,0.1655807346
S079,2028-07-30,0,0.1655807346,True,FP,0.1655807346
S079,2028-08-10,0,0.1655807346,True,FP,0.1655807346
S079,2028-08-12,0,0.1655807346,True,FP,0.1655807346
S079,2028-08-11,0,0.1655807346,True,FP,0.1655807346
S079,2028-07-28,0,0.1655807346,True,FP,0.1655807346
S079,2028-06-26,0,0.1655807346,True,FP,0.1655807346
S079,2028-08-13,0,0.1655807346,True,FP,0.1655807346
S072,2028-07-22,0,0.1654949635,True,FP,0.1654949635
S072,2028-07-18,0,0.1654949635,True,FP,0.1654949635
S078,2028-06-14,0,0.1651548445,True,FP,0.1651548445
S083,2028-06-25,0,0.1651100814,True,FP,0.1651100814
S083,2028-06-10,0,0.1650036275,True,FP,0.1650036275
S083,2028-06-08,0,0.1650036275,True,FP,0.1650036275
S095,2028-07-01,0,0.1644685268,True,FP,0.1644685268
S095,2028-06-30,0,0.1644685268,True,FP,0.1644685268
S094,2028-08-07,0,0.164017722,True,FP,0.164017722
S002,2028-07-21,0,0.1636850834,True,FP,0.1636850834
S002,2028-07-19,0,0.1636850834,True,FP,0.1636850834
S056,2028-07-05,0,0.1636174023,True,FP,0.1636174023
S056,2028-07-20,0,0.1636174023,True,FP,0.1636174023
S056,2028-07-19,0,0.1636174023,True,FP,0.1636174023
S016,2028-08-18,0,0.1635698825,True,FP,0.1635698825
S010,2028-08-04,0,0.1632731557,True,FP,0.1632731557
S073,2028-07-11,0,0.1632607132,True,FP,0.1632607132
S073,2028-07-17,0,0.1629524976,True,FP,0.1629524976
S073,2028-07-20,0,0.1629524976,True,FP,0.1629524976
S016,2028-08-19,0,0.1628238112,True,FP,0.1628238112
S077,2028-07-13,0,0.1624729335,True,FP,0.1624729335
S086,2028-06-24,0,0.1624202579,True,FP,0.1624202579
S028,2028-07-31,0,0.1623385698,True,FP,0.1623385698
S019,2028-08-04,0,0.1620959044,True,FP,0.1620959044
S073,2028-07-15,0,0.1619051695,True,FP,0.1619051695
S023,2028-07-26,0,0.1614955366,True,FP,0.1614955366
S023,2028-08-08,0,0.1614955366,True,FP,0.1614955366
S023,2028-07-12,0,0.1614955366,True,FP,0.1614955366
S023,2028-07-25,0,0.1614955366,True,FP,0.1614955366
S023,2028-07-23,0,0.1614955366,True,FP,0.1614955366
S056,2028-08-08,0,0.1614788324,True,FP,0.1614788324
S035,2028-09-03,0,0.1610879004,True,FP,0.1610879004
S056,2028-07-30,0,0.1606425792,True,FP,0.1606425792
S056,2028-07-16,0,0.1605490446,True,FP,0.1605490446
S019,2028-08-05,0,0.1603897959,True,FP,0.1603897959
S087,2028-08-11,0,0.1602861732,True,FP,0.1602861732
S060,2028-08-06,0,0.1601390392,True,FP,0.1601390392
S060,2028-05-31,0,0.1601390392,True,FP,0.1601390392
S060,2028-07-24,0,0.1601390392,True,FP,0.1601390392
S060,2028-08-03,0,0.1601390392,True,FP,0.1601390392
S060,2028-08-05,0,0.1601390392,True,FP,0.1601390392
S060,2028-07-26,0,0.1601390392,True,FP,0.1601390392
S060,2028-07-31,0,0.1601390392,True,FP,0.1601390392
S060,2028-08-09,0,0.1599845141,True,FP,0.1599845141
S026,2028-06-18,0,0.159754023,True,FP,0.159754023
S026,2028-06-11,0,0.159754023,True,FP,0.159754023
S086,2028-08-05,0,0.1594275981,True,FP,0.1594275981
S086,2028-08-04,0,0.1594275981,True,FP,0.1594275981
S050,2028-07-09,0,0.1593671292,True,FP,0.1593671292
S073,2028-07-19,0,0.1593028307,True,FP,0.1593028307
S073,2028-07-06,0,0.1593028307,True,FP,0.1593028307
S073,2028-07-18,0,0.1593028307,True,FP,0.1593028307
S077,2028-07-07,0,0.1588885039,True,FP,0.1588885039
S012,2028-07-04,0,0.1588317305,True,FP,0.1588317305
S013,2028-07-17,0,0.1587670445,True,FP,0.1587670445
S019,2028-07-19,0,0.1587670445,True,FP,0.1587670445
S013,2028-07-16,0,0.1587670445,True,FP,0.1587670445
S013,2028-08-03,0,0.1587670445,True,FP,0.1587670445
S057,2028-08-17,0,0.1587670445,True,FP,0.1587670445
S012,2028-07-11,0,0.1587670445,True,FP,0.1587670445
S012,2028-07-08,0,0.1587670445,True,FP,0.1587670445
S019,2028-07-18,0,0.1587670445,True,FP,0.1587670445
S057,2028-08-09,0,0.1587670445,True,FP,0.1587670445
S013,2028-08-05,0,0.1587670445,True,FP,0.1587670445
S012,2028-06-30,0,0.1587670445,True,FP,0.1587670445
S012,2028-07-01,0,0.1587670445,True,FP,0.1587670445
S090,2028-08-13,0,0.1586879194,True,FP,0.1586879194
S002,2028-06-08,0,0.1586224437,True,FP,0.1586224437
S023,2028-07-11,0,0.1584593803,True,FP,0.1584593803
S077,2028-08-12,0,0.158298552,True,FP,0.158298552
S039,2028-07-29,0,0.1582629681,True,FP,0.1582629681
S026,2028-06-15,0,0.158120051,True,FP,0.158120051
S073,2028-07-23,0,0.1581150293,True,FP,0.1581150293
S056,2028-07-12,0,0.1579949111,True,FP,0.1579949111
S056,2028-07-07,0,0.1579949111,True,FP,0.1579949111
S056,2028-07-15,0,0.1579949111,True,FP,0.1579949111
S056,2028-07-11,0,0.1579949111,True,FP,0.1579949111
S035,2028-07-20,0,0.1579579264,True,FP,0.1579579264
S035,2028-07-25,0,0.1579579264,True,FP,0.1579579264
S005,2028-07-13,0,0.1577983499,True,FP,0.1577983499
S060,2028-07-27,0,0.157672286,True,FP,0.157672286
S060,2028-08-01,0,0.157672286,True,FP,0.157672286
S060,2028-08-02,0,0.157672286,True,FP,0.157672286
S041,2028-08-22,0,0.1575998515,True,FP,0.1575998515
S041,2028-06-20,0,0.1575998515,True,FP,0.1575998515
S041,2028-08-21,0,0.1575998515,True,FP,0.1575998515
S057,2028-08-30,0,0.1574258059,True,FP,0.1574258059
S057,2028-08-31,0,0.1574258059,True,FP,0.1574258059
S057,2028-08-28,0,0.1574258059,True,FP,0.1574258059
S031,2028-08-04,0,0.1574050933,True,FP,0.1574050933
S094,2028-08-06,0,0.1573566645,True,FP,0.1573566645
S043,2028-08-09,0,0.1573437899,True,FP,0.1573437899
S006,2028-08-22,0,0.1571978927,True,FP,0.1571978927
S086,2028-07-15,0,0.1571544111,True,FP,0.1571544111
S073,2028-07-02,0,0.1571008265,True,FP,0.1571008265
S073,2028-07-03,0,0.1571008265,True,FP,0.1571008265
S035,2028-07-17,0,0.1567783058,True,FP,0.1567783058
S012,2028-08-01,0,0.1566799283,True,FP,0.1566799283
S019,2028-06-02,0,0.1566799283,True,FP,0.1566799283
S019,2028-06-01,0,0.1566799283,True,FP,0.1566799283
S012,2028-07-30,0,0.1566799283,True,FP,0.1566799283
S012,2028-07-31,0,0.1566799283,True,FP,0.1566799283
S010,2028-08-03,0,0.1564660668,True,FP,0.1564660668
S023,2028-07-31,0,0.1559323817,True,FP,0.1559323817
S083,2028-06-11,0,0.1558721811,True,FP,0.1558721811
S083,2028-08-09,0,0.1558721811,True,FP,0.1558721811
S083,2028-08-20,0,0.1558721811,True,FP,0.1558721811
S083,2028-06-04,0,0.1558721811,True,FP,0.1558721811
S083,2028-08-05,0,0.1558721811,True,FP,0.1558721811
S073,2028-08-12,0,0.1558571607,True,FP,0.1558571607
S073,2028-08-13,0,0.1558571607,True,FP,0.1558571607
S077,2028-08-10,0,0.1558548659,True,FP,0.1558548659
S026,2028-07-12,0,0.1557938308,True,FP,0.1557938308
S026,2028-07-11,0,0.1557938308,True,FP,0.1557938308
S026,2028-07-13,0,0.1557938308,True,FP,0.1557938308
S026,2028-07-10,0,0.1557938308,True,FP,0.1557938308
S026,2028-07-09,0,0.1557938308,True,FP,0.1557938308
S026,2028-07-08,0,0.1557938308,True,FP,0.1557938308
S026,2028-07-07,0,0.1557938308,True,FP,0.1557938308
S013,2028-08-04,0,0.1557726711,True,FP,0.1557726711
S035,2028-06-22,0,0.1557710916,True,FP,0.1557710916
S035,2028-07-19,0,0.1557710916,True,FP,0.1557710916
S056,2028-06-13,0,0.1556565464,True,FP,0.1556565464
S056,2028-07-13,0,0.1555550396,True,FP,0.1555550396
S037,2028-07-12,0,0.1552140713,True,FP,0.1552140713
S009,2028-08-09,0,0.1551311761,True,FP,0.1551311761
S078,2028-06-11,0,0.1550448984,True,FP,0.1550448984
S078,2028-06-15,0,0.1550448984,True,FP,0.1550448984
S026,2028-07-14,0,0.1546581984,True,FP,0.1546581984
S035,2028-07-16,0,0.1546356231,True,FP,0.1546356231
S035,2028-05-31,0,0.1546356231,True,FP,0.1546356231
S092,2028-07-19,0,0.1542872041,True,FP,0.1542872041
S092,2028-07-18,0,0.1542872041,True,FP,0.1542872041
S001,2028-08-04,0,0.154272601,True,FP,0.154272601
S062,2028-07-17,0,0.154031679,True,FP,0.154031679
S077,2028-07-10,0,0.154031679,True,FP,0.154031679
S087,2028-08-14,0,0.1539029479,True,FP,0.1539029479
S060,2028-07-23,0,0.1537740976,True,FP,0.1537740976
S069,2028-07-15,0,0.1537293345,True,FP,0.1537293345
S069,2028-07-18,0,0.1537293345,True,FP,0.1537293345
S069,2028-07-17,0,0.1537293345,True,FP,0.1537293345
S069,2028-07-16,0,0.1537293345,True,FP,0.1537293345
S073,2028-08-14,0,0.1536940336,True,FP,0.1536940336
S100,2028-07-07,0,0.1536565721,True,FP,0.1536565721
S100,2028-07-08,0,0.1536565721,True,FP,0.1536565721
S100,2028-07-06,0,0.1536565721,True,FP,0.1536565721
S023,2028-07-21,0,0.1536189467,True,FP,0.1536189467
S073,2028-08-17,0,0.1534443051,True,FP,0.1534443051
S017,2028-07-08,0,0.153389588,True,FP,0.153389588
S019,2028-07-15,0,0.1532806754,True,FP,0.1532806754
S019,2028-08-03,0,0.1532806754,True,FP,0.1532806754
S012,2028-07-09,0,0.1532806754,True,FP,0.1532806754
S057,2028-08-15,0,0.1532806754,True,FP,0.1532806754
S012,2028-06-29,0,0.1532806754,True,FP,0.1532806754
S057,2028-08-16,0,0.1532806754,True,FP,0.1532806754
S057,2028-08-12,0,0.1532806754,True,FP,0.1532806754
S090,2028-08-14,0,0.1532037854,True,FP,0.1532037854
S077,2028-08-28,0,0.1531315744,True,FP,0.1531315744
S012,2028-07-18,0,0.1531315744,True,FP,0.1531315744
S012,2028-07-17,0,0.1531009227,True,FP,0.1531009227
S089,2028-07-21,0,0.1530889273,True,FP,0.1530889273
S087,2028-08-06,0,0.1530788839,True,FP,0.1530788839
S086,2028-07-12,0,0.1525749117,True,FP,0.1525749117
S001,2028-09-03,0,0.1524428129,True,FP,0.1524428129
S079,2028-08-14,0,0.1524175555,True,FP,0.1524175555
S026,2028-06-13,0,0.1524102241,True,FP,0.1524102241
S072,2028-08-21,0,0.1523507386,True,FP,0.1523507386
S072,2028-08-13,0,0.1523507386,True,FP,0.1523507386
S043,2028-08-05,0,0.1523507386,True,FP,0.1523507386
S072,2028-08-10,0,0.1523507386,True,FP,0.1523507386
S026,2028-06-12,0,0.1521621794,True,FP,0.1521621794
S004,2028-07-27,0,0.1520473659,True,FP,0.1520473659
S004,2028-07-26,0,0.1520473659,True,FP,0.1520473659
S004,2028-07-29,0,0.1520473659,True,FP,0.1520473659
S083,2028-07-07,0,0.1519907862,True,FP,0.1519907862
S083,2028-07-05,0,0.1519907862,True,FP,0.1519907862
S057,2028-08-29,0,0.1519774199,True,FP,0.1519774199
S082,2028-08-25,0,0.1517917067,True,FP,0.1517917067
S082,2028-07-05,0,0.1517917067,True,FP,0.1517917067
S082,2028-07-06,0,0.1517917067,True,FP,0.1517917067
S056,2028-07-31,0,0.151791513,True,FP,0.151791513
S094,2028-06-09,0,0.151379317,True,FP,0.151379317
S094,2028-06-08,0,0.151379317,True,FP,0.151379317
S050,2028-06-02,0,0.1513504088,True,FP,0.1513504088
S088,2028-07-14,0,0.1511099637,True,FP,0.1511099637
S019,2028-07-21,0,0.1509995311,True,FP,0.1509995311
S057,2028-08-14,0,0.1509005278,True,FP,0.1509005278
S077,2028-08-11,0,0.1509005278,True,FP,0.1509005278
S077,2028-08-15,0,0.1509005278,True,FP,0.1509005278
S012,2028-06-05,0,0.1509005278,True,FP,0.1509005278
S057,2028-08-11,0,0.1509005278,True,FP,0.1509005278
S083,2028-07-09,0,0.150878042,True,FP,0.150878042
S083,2028-07-11,0,0.150878042,True,FP,0.150878042
S072,2028-08-12,0,0.1507771462,True,FP,0.1507771462
S002,2028-07-20,0,0.1507485956,True,FP,0.1507485956
S035,2028-07-22,0,0.1503988951,True,FP,0.1503988951
S035,2028-06-25,0,0.1503988951,True,FP,0.1503988951
S016,2028-08-15,0,0.1503112167,True,FP,0.1503112167
S016,2028-08-14,0,0.1503112167,True,FP,0.1503112167
S087,2028-08-08,0,0.1502666026,True,FP,0.1502666026
S087,2028-08-09,0,0.1502666026,True,FP,0.1502666026
S087,2028-08-07,0,0.1502666026,True,FP,0.1502666026
S077,2028-07-09,0,0.1501801759,True,FP,0.1501801759
S062,2028-07-14,0,0.1501801759,True,FP,0.1501801759
S028,2028-07-15,0,0.1501225233,True,FP,0.1501225233
S028,2028-07-16,0,0.1501225233,True,FP,0.1501225233
S050,2028-05-31,0,0.1501168311,True,FP,0.1501168311
