group_kind,group,rows,average_precision,roc_auc,brier,precision,recall,f1,accuracy,false_alert_rate,alert_fraction,tp,fp,tn,fn,note
supplier,S001,88,0.24450113378684807,0.5193050193050193,0.13591791689395905,0.0,0.0,0.0,0.8181818181818182,0.02702702702702703,0.022727272727272728,0.0,2.0,72.0,14.0,
supplier,S002,89,0.16899865404251369,0.7048611111111112,0.08826278150081635,0.07142857142857142,0.1111111111111111,0.08695652173913043,0.7640449438202247,0.1625,0.15730337078651685,1.0,13.0,67.0,8.0,
supplier,S003,92,0.12657577112872961,0.6773109243697479,0.07007564604282379,0.0,0.0,0.0,0.9239130434782609,0.0,0.0,0.0,0.0,85.0,7.0,
supplier,S004,91,0.18036105008091463,0.5626159554730984,0.13550350069999695,0.0,0.0,0.0,0.8131868131868132,0.03896103896103896,0.03296703296703297,0.0,3.0,74.0,14.0,
supplier,S005,94,0.11516572900569978,0.6683087027914614,0.06858785450458527,0.0,0.0,0.0,0.9148936170212766,0.011494252873563218,0.010638297872340425,0.0,1.0,86.0,7.0,
supplier,S006,74,0.29210655193927576,0.4746503496503497,0.24332742393016815,0.2222222222222222,0.09090909090909091,0.12903225806451613,0.6351351351351351,0.1346153846153846,0.12162162162162163,2.0,7.0,45.0,20.0,
supplier,S007,97,,,0.006024631305430087,,,,,,,,,,,AP/ROC omitted for single-class group
supplier,S008,97,,,0.005316907167110533,,,,,,,,,,,AP/ROC omitted for single-class group
supplier,S009,90,0.11964414220057712,0.2213345864661654,0.13982459902763367,0.0,0.0,0.0,0.8333333333333334,0.013157894736842105,0.011111111111111112,0.0,1.0,75.0,14.0,
supplier,S010,86,0.32019350423513815,0.6025326797385622,0.17271186411380768,0.5714285714285714,0.2222222222222222,0.32,0.8023255813953488,0.04411764705882353,0.08139534883720931,4.0,3.0,65.0,14.0,
supplier,S011,97,,,0.005683135036625811,,,,,,,,,,,AP/ROC omitted for single-class group
supplier,S012,91,0.0878830836966037,0.5306122448979592,0.07477828115224838,0.038461538461538464,0.14285714285714285,0.06060606060606061,0.6593406593406593,0.2976190476190476,0.2857142857142857,1.0,25.0,59.0,6.0,
supplier,S013,93,0.2152579838514521,0.8338870431893688,0.06781912595033646,0.0,0.0,0.0,0.8602150537634409,0.06976744186046512,0.06451612903225806,0.0,6.0,80.0,7.0,
supplier,S014,94,0.07205317123671467,0.4236453201970443,0.06953858584165573,0.0,0.0,0.0,0.925531914893617,0.0,0.0,0.0,0.0,87.0,7.0,
supplier,S015,92,,,0.012772516010666576,,,,,,,,,,,AP/ROC omitted for single-class group
supplier,S016,91,0.46450719653212913,0.7574211502782932,0.12659750878810883,0.6363636363636364,0.5,0.56,0.8791208791208791,0.05194805194805195,0.12087912087912088,7.0,4.0,73.0,7.0,
supplier,S017,92,0.4539260082023239,0.9114583333333334,0.07522092759609222,0.0,0.0,0.0,0.9021739130434783,0.011904761904761904,0.010869565217391304,0.0,1.0,83.0,8.0,
supplier,S018,97,,,0.006158392202821099,,,,,,,,,,,AP/ROC omitted for single-class group
supplier,S019,84,0.1750004649973501,0.34595959595959597,0.183023601770401,0.0,0.0,0.0,0.5952380952380952,0.24242424242424243,0.19047619047619047,0.0,16.0,50.0,18.0,
supplier,S020,97,,,0.006296157268384509,,,,,,,,,,,AP/ROC omitted for single-class group
supplier,S021,93,0.06895702863444798,0.387873754152824,0.07049533724784851,0.0,0.0,0.0,0.9247311827956989,0.0,0.0,0.0,0.0,86.0,7.0,
supplier,S022,83,0.4130923070386502,0.5691558441558442,0.2821234166622162,0.0,0.0,0.0,0.6626506024096386,0.0,0.0,0.0,0.0,55.0,28.0,
supplier,S023,97,,,0.01824665405131934,,,,,,,,,,,AP/ROC omitted for single-class group
supplier,S024,97,,,0.006138148963312258,,,,,,,,,,,AP/ROC omitted for single-class group
supplier,S025,89,0.4245244028064216,0.7347619047619047,0.13217127323150635,0.0,0.0,0.0,0.8426966292134831,0.0,0.0,0.0,0.0,75.0,14.0,
supplier,S026,74,0.670695594896884,0.7759183673469388,0.25197896361351013,0.5,0.6,0.5454545454545454,0.6621621621621622,0.30612244897959184,0.40540540540540543,15.0,15.0,34.0,10.0,
supplier,S027,97,,,0.006419416942295424,,,,,,,,,,,AP/ROC omitted for single-class group
supplier,S028,94,0.10153685671373333,0.6116584564860427,0.06960605829954147,0.0,0.0,0.0,0.8829787234042553,0.04597701149425287,0.0425531914893617,0.0,4.0,83.0,7.0,
supplier,S029,94,0.09704053670129935,0.48686371100164205,0.07016602158546448,0.0,0.0,0.0,0.8936170212765957,0.034482758620689655,0.031914893617021274,0.0,3.0,84.0,7.0,
supplier,S030,90,0.25310717013118383,0.7750287686996548,0.10492011159658432,0.0,0.0,0.0,0.8777777777777778,0.0,0.0,0.0,0.0,79.0,11.0,
supplier,S031,92,0.07633023811062191,0.43445378151260505,0.07215176522731781,0.0,0.0,0.0,0.8913043478260869,0.03529411764705882,0.03260869565217391,0.0,3.0,82.0,7.0,
supplier,S032,97,,,0.004277463654303235,,,,,,,,,,,AP/ROC omitted for single-class group
supplier,S033,97,,,0.0046863769056431585,,,,,,,,,,,AP/ROC omitted for single-class group
supplier,S034,97,,,0.009521765229325933,,,,,,,,,,,AP/ROC omitted for single-class group
supplier,S035,89,0.1850535287804873,0.5742857142857143,0.13254797458648682,0.09090909090909091,0.07142857142857142,0.08,0.7415730337078652,0.13333333333333333,0.12359550561797752,1.0,10.0,65.0,13.0,
supplier,S036,85,0.8226780181662282,0.9110863095238095,0.19569562375545502,0.0,0.0,0.0,0.7529411764705882,0.0,0.0,0.0,0.0,64.0,21.0,
supplier,S037,87,0.3006898322770318,0.7891389432485323,0.13467355072498322,0.0,0.0,0.0,0.8160919540229885,0.0273972602739726,0.022988505747126436,0.0,2.0,71.0,14.0,
supplier,S038,94,0.06681195159717841,0.2733990147783251,0.07044558227062225,0.0,0.0,0.0,0.925531914893617,0.0,0.0,0.0,0.0,87.0,7.0,
supplier,S039,94,0.09873630064659965,0.5977011494252873,0.06967350840568542,0.0,0.0,0.0,0.8936170212765957,0.034482758620689655,0.031914893617021274,0.0,3.0,84.0,7.0,
supplier,S040,96,,,0.006626749995182156,,,,,,,,,,,AP/ROC omitted for single-class group
supplier,S041,84,0.191306875721237,0.3356009070294784,0.21312153339385986,0.0,0.0,0.0,0.7142857142857143,0.047619047619047616,0.03571428571428571,0.0,3.0,60.0,21.0,
supplier,S042,81,0.3295048734175408,0.43887867647058826,0.17993690073490143,0.0,0.0,0.0,0.7901234567901234,0.0,0.0,0.0,0.0,64.0,17.0,
supplier,S043,97,0.05200010736790302,0.24920634920634918,0.07063844054937363,0.0,0.0,0.0,0.8865979381443299,0.044444444444444446,0.041237113402061855,0.0,4.0,86.0,7.0,
supplier,S044,95,0.1308858493489434,0.7102272727272727,0.06766377389431,0.0,0.0,0.0,0.9263157894736842,0.0,0.0,0.0,0.0,88.0,7.0,
supplier,S045,97,,,0.0060087017480147924,,,,,,,,,,,AP/ROC omitted for single-class group
supplier,S046,94,0.2244326975589009,0.6680911680911681,0.119941346347332,0.0,0.0,0.0,0.8617021276595744,0.0,0.0,0.0,0.0,81.0,13.0,
supplier,S047,94,0.19492412349555205,0.7701149425287357,0.06768212467432022,0.0,0.0,0.0,0.925531914893617,0.0,0.0,0.0,0.0,87.0,7.0,
supplier,S048,93,0.13681566377393725,0.288312693498452,0.16420914232730865,0.0,0.0,0.0,0.8172043010752689,0.0,0.0,0.0,0.0,76.0,17.0,
supplier,S049,94,,,0.005747913669581943,,,,,,,,,,,AP/ROC omitted for single-class group
supplier,S050,88,0.16658929195007344,0.5241312741312741,0.13738013803958893,0.0,0.0,0.0,0.6022727272727273,0.28378378378378377,0.23863636363636365,0.0,21.0,53.0,14.0,
supplier,S051,93,0.032196969696969696,0.5137362637362637,0.025510994717478752,0.0,0.0,0.0,0.978494623655914,0.0,0.0,0.0,0.0,91.0,2.0,
supplier,S052,97,0.07426075268817203,0.6914893617021276,0.03409998118877411,0.0,0.0,0.0,0.9690721649484536,0.0,0.0,0.0,0.0,94.0,3.0,
supplier,S053,85,0.3356703480273125,0.42669172932330823,0.2807174623012543,0.0,0.0,0.0,0.6705882352941176,0.0,0.0,0.0,0.0,57.0,28.0,
supplier,S054,90,0.1311422289194113,0.3947368421052631,0.13960090279579163,0.0,0.0,0.0,0.8444444444444444,0.0,0.0,0.0,0.0,76.0,14.0,
supplier,S055,97,,,0.00850408043850756,,,,,,,,,,,AP/ROC omitted for single-class group
supplier,S056,90,0.06341838409739357,0.225473321858864,0.0794093906879425,0.0,0.0,0.0,0.6222222222222222,0.3253012048192771,0.3,0.0,27.0,56.0,7.0,
supplier,S057,92,0.1561038961038961,0.7344537815126051,0.06957312673330307,0.0,0.0,0.0,0.782608695652174,0.15294117647058825,0.14130434782608695,0.0,13.0,72.0,7.0,
supplier,S058,92,0.28181252574061727,0.738095238095238,0.13051557540893555,0.0,0.0,0.0,0.8478260869565217,0.0,0.0,0.0,0.0,78.0,14.0,
supplier,S059,92,0.08581167272543458,0.5193277310924369,0.07054407894611359,0.0,0.0,0.0,0.9239130434782609,0.0,0.0,0.0,0.0,85.0,7.0,
supplier,S060,94,0.06308104791023046,0.3341543513957307,0.074747234582901,0.0,0.0,0.0,0.7021276595744681,0.2413793103448276,0.22340425531914893,0.0,21.0,66.0,7.0,
supplier,S061,94,0.05488141867166986,0.21510673234811165,0.07113289833068848,0.0,0.0,0.0,0.925531914893617,0.0,0.0,0.0,0.0,87.0,7.0,
supplier,S062,91,0.11025688440036949,0.28710575139146566,0.1368182748556137,0.0,0.0,0.0,0.8241758241758241,0.025974025974025976,0.02197802197802198,0.0,2.0,75.0,14.0,
supplier,S063,93,0.13272058823529412,0.5755813953488372,0.07014663517475128,0.0,0.0,0.0,0.9247311827956989,0.0,0.0,0.0,0.0,86.0,7.0,
supplier,S064,90,0.13208053541538115,0.5074798619102416,0.11018865555524826,0.0,0.0,0.0,0.8777777777777778,0.0,0.0,0.0,0.0,79.0,11.0,
supplier,S065,89,0.2192137107593761,0.6104761904761905,0.1392526775598526,0.0,0.0,0.0,0.8426966292134831,0.0,0.0,0.0,0.0,75.0,14.0,
supplier,S066,87,0.33350210959232723,0.4809322033898305,0.27888306975364685,0.0,0.0,0.0,0.6781609195402298,0.0,0.0,0.0,0.0,59.0,28.0,
supplier,S067,95,0.10544059790260399,0.5738636363636364,0.06951175630092621,0.0,0.0,0.0,0.9263157894736842,0.0,0.0,0.0,0.0,88.0,7.0,
supplier,S068,89,0.11000129658182929,0.10285714285714284,0.1445687860250473,0.0,0.0,0.0,0.8426966292134831,0.0,0.0,0.0,0.0,75.0,14.0,
supplier,S069,94,0.07121978796827434,0.37274220032840727,0.07147709280252457,0.0,0.0,0.0,0.8829787234042553,0.04597701149425287,0.0425531914893617,0.0,4.0,83.0,7.0,
supplier,S070,97,,,0.007240224871118063,,,,,,,,,,,AP/ROC omitted for single-class group
supplier,S071,89,0.20678574442619385,0.6437499999999999,0.09037838876247406,0.0,0.0,0.0,0.898876404494382,0.0,0.0,0.0,0.0,80.0,9.0,
supplier,S072,95,0.06786942031596344,0.3977272727272727,0.07289978861808777,0.0,0.0,0.0,0.7684210526315789,0.17045454545454544,0.15789473684210525,0.0,15.0,73.0,7.0,
supplier,S073,93,0.07692147073167774,0.4767441860465116,0.07551710307598114,0.0,0.0,0.0,0.6021505376344086,0.3488372093023256,0.3225806451612903,0.0,30.0,56.0,7.0,
supplier,S074,97,,,0.006542908339816508,,,,,,,,,,,AP/ROC omitted for single-class group
supplier,S075,97,,,0.005469536538501729,,,,,,,,,,,AP/ROC omitted for single-class group
supplier,S076,95,0.08069428553690056,0.4293831168831169,0.06922396272420883,0.0,0.0,0.0,0.9263157894736842,0.0,0.0,0.0,0.0,88.0,7.0,
supplier,S077,85,0.22232068828980675,0.38467261904761907,0.20774619281291962,0.06666666666666667,0.047619047619047616,0.05555555555555555,0.6,0.21875,0.17647058823529413,1.0,14.0,50.0,20.0,
supplier,S078,95,0.2322514619883041,0.853021978021978,0.04046870395541191,0.25,0.25,0.25,0.9368421052631579,0.03296703296703297,0.042105263157894736,1.0,3.0,88.0,3.0,
supplier,S079,86,0.23728147719696163,0.5175824175824176,0.19391442835330963,0.34210526315789475,0.6190476190476191,0.4406779661016949,0.6162790697674418,0.38461538461538464,0.4418604651162791,13.0,25.0,40.0,8.0,
supplier,S080,93,0.07526881720430108,0.04069767441860467,0.07195622473955154,0.0,0.0,0.0,0.9247311827956989,0.0,0.0,0.0,0.0,86.0,7.0,
supplier,S081,93,0.6966427329478799,0.8486201298701299,0.14125500619411469,1.0,0.0625,0.11764705882352941,0.8387096774193549,0.0,0.010752688172043012,1.0,0.0,77.0,15.0,
supplier,S082,87,0.5655002994333221,0.7787698412698413,0.2194468230009079,0.6666666666666666,0.25,0.36363636363636365,0.7586206896551724,0.047619047619047616,0.10344827586206896,6.0,3.0,60.0,18.0,
supplier,S083,90,0.06631569870464754,0.2842987804878049,0.08539808541536331,0.0,0.0,0.0,0.7666666666666667,0.15853658536585366,0.14444444444444443,0.0,13.0,69.0,8.0,
supplier,S084,90,0.15735910594781563,0.5539529914529915,0.11815018206834793,0.0,0.0,0.0,0.8666666666666667,0.0,0.0,0.0,0.0,78.0,12.0,
supplier,S085,94,0.12177269632027957,0.3409552845528455,0.11557435989379883,0.0,0.0,0.0,0.8723404255319149,0.0,0.0,0.0,0.0,82.0,12.0,
supplier,S086,90,0.30426170468187275,0.8898450946643718,0.0693008229136467,0.28,1.0,0.4375,0.8,0.21686746987951808,0.2777777777777778,7.0,18.0,65.0,0.0,
supplier,S087,95,0.1395590878563015,0.7305194805194806,0.06772060692310333,0.0,0.0,0.0,0.8421052631578947,0.09090909090909091,0.08421052631578947,0.0,8.0,80.0,7.0,
supplier,S088,90,0.2041729750595499,0.6264097744360901,0.1326911896467209,0.0,0.0,0.0,0.8222222222222222,0.02631578947368421,0.022222222222222223,0.0,2.0,74.0,14.0,
supplier,S089,87,0.3324010187107326,0.6507936507936507,0.19919344782829285,0.0,0.0,0.0,0.7471264367816092,0.015151515151515152,0.011494252873563218,0.0,1.0,65.0,21.0,
supplier,S090,90,0.2511172585611752,0.637218045112782,0.13202597200870514,0.3333333333333333,0.07142857142857142,0.11764705882352941,0.8333333333333334,0.02631578947368421,0.03333333333333333,1.0,2.0,74.0,13.0,
supplier,S091,92,0.2763652496571751,0.49221611721611724,0.1346348524093628,0.0,0.0,0.0,0.8478260869565217,0.0,0.0,0.0,0.0,78.0,14.0,
supplier,S092,97,,,0.011875506056536131,,,,,,,,,,,AP/ROC omitted for single-class group
supplier,S093,92,0.14055624816085216,0.6060975609756097,0.09758613258600235,0.0,0.0,0.0,0.8913043478260869,0.0,0.0,0.0,0.0,82.0,10.0,
supplier,S094,92,0.07141014090892292,0.37815126050420167,0.07266220450401306,0.0,0.0,0.0,0.8804347826086957,0.047058823529411764,0.043478260869565216,0.0,4.0,81.0,7.0,
supplier,S095,95,0.12743295858307133,0.6728896103896105,0.06797241419553757,0.0,0.0,0.0,0.9052631578947369,0.022727272727272728,0.021052631578947368,0.0,2.0,86.0,7.0,
supplier,S096,95,0.05206607499840582,0.17288961038961037,0.07037875056266785,0.0,0.0,0.0,0.9263157894736842,0.0,0.0,0.0,0.0,88.0,7.0,
supplier,S097,93,0.07526881720430108,0.05813953488372092,0.07151755690574646,0.0,0.0,0.0,0.9247311827956989,0.0,0.0,0.0,0.0,86.0,7.0,
supplier,S098,93,0.5871548619447778,0.9210963455149502,0.06507039070129395,0.0,0.0,0.0,0.9247311827956989,0.0,0.0,0.0,0.0,86.0,7.0,
supplier,S099,92,0.18612990708411023,0.5046875,0.11573213338851929,0.0,0.0,0.0,0.8695652173913043,0.0,0.0,0.0,0.0,80.0,12.0,
supplier,S100,94,0.06133304385584021,0.1502463054187192,0.07194150984287262,0.0,0.0,0.0,0.8936170212765957,0.034482758620689655,0.031914893617021274,0.0,3.0,84.0,7.0,
month,2028-05,181,0.23528656332901937,0.7007498295841853,0.08669847249984741,0.3333333333333333,0.1111111111111111,0.16666666666666666,0.8895027624309392,0.024539877300613498,0.03314917127071823,2.0,4.0,159.0,16.0,
month,2028-06,2862,0.11596671313108618,0.5830373752748181,0.07453341782093048,0.21052631578947367,0.06837606837606838,0.1032258064516129,0.9028651292802237,0.0228310502283105,0.026554856743535988,16.0,60.0,2568.0,218.0,
month,2028-07,2934,0.12061774127342871,0.5402779037598078,0.10325940698385239,0.0663265306122449,0.03823529411764706,0.048507462686567165,0.8261758691206544,0.07054741711642251,0.06680299931833675,13.0,183.0,2411.0,327.0,
month,2028-08,2916,0.15598791714074098,0.6348628210997632,0.09443538635969162,0.1696969696969697,0.08945686900958466,0.11715481171548117,0.855281207133059,0.05263157894736842,0.056584362139917695,28.0,137.0,2466.0,285.0,
month,2028-09,293,0.16005494379912022,0.5714285714285714,0.08286670595407486,0.25,0.07407407407407407,0.11428571428571428,0.89419795221843,0.022556390977443608,0.027303754266211604,2.0,6.0,260.0,25.0,
