component_id,component_name,category,supplier_id,unit_cost,lead_time_days,minimum_order_qty,maximum_supply,criticality_score,substitutability_score,safety_stock_units,shelf_life_days,hazardous_flag
C001,Processor Module 001,Processor,S001,1.0,18,100,10000,0.61,0.3924,7600,730,False
C002,Connectivity Module 002,Connectivity,S002,1.45,18,100,10000,0.3784,0.4065,2700,1095,False
C003,Sensor Module 003,Sensor,S003,1.9,12,1000,10000,0.6311,0.5696,2900,1825,False
C004,Connector Module 004,Connector,S004,2.35,27,250,10000,0.2143,0.6188,4000,1825,False
C005,Processor Module 005,Processor,S005,2.8,3,100,10000,0.1879,0.635,4300,1825,False
C006,Camera Module 006,Camera,S006,3.25,3,250,10000,0.4209,0.2925,7500,1825,False
C007,Connectivity Module 007,Connectivity,S007,3.7,17,100,10000,0.8347,0.4396,1900,730,False
C008,Camera Module 008,Camera,S008,4.15,9,500,10000,0.5446,0.354,2500,1095,False
C009,Connectivity Module 009,Connectivity,S009,4.6,24,250,10000,0.7143,0.3122,7700,730,False
C010,Battery Module 010,Battery,S010,5.05,17,50,10000,0.685,0.6034,3000,1825,True
C011,Chassis Module 011,Chassis,S011,5.5,28,500,10000,0.6163,0.5524,7500,1095,False
C012,Battery Module 012,Battery,S012,5.95,5,250,10000,0.8495,0.484,6100,365,True
C013,Display Module 013,Display,S013,6.4,15,1000,10000,0.6996,0.0549,3500,1095,False
C014,Sensor Module 014,Sensor,S014,6.85,4,1000,10000,0.5587,0.2882,1400,730,False
C015,Sensor Module 015,Sensor,S015,7.3,15,1000,10000,0.8467,0.2155,1900,1095,False
C016,Battery Module 016,Battery,S016,7.75,23,50,10000,0.578,0.2403,5100,1825,True
C017,Chassis Module 017,Chassis,S017,8.2,12,100,10000,0.6579,0.7291,2800,1095,False
C018,Memory Module 018,Memory,S018,8.65,16,100,10000,0.5179,0.4974,2400,730,False
C019,Sensor Module 019,Sensor,S019,9.1,9,250,10000,0.6609,0.1975,800,1825,False
C020,Memory Module 020,Memory,S020,9.55,4,1000,10000,0.944,0.1595,1900,1825,False
C021,Chassis Module 021,Chassis,S021,10.0,21,250,10000,0.4614,0.3072,3500,365,False
C022,Memory Module 022,Memory,S022,10.45,16,50,10000,0.7028,0.3783,7500,1825,False
C023,Processor Module 023,Processor,S023,10.9,10,500,10000,0.5276,0.0854,1100,1095,False
C024,PCB Module 024,PCB,S024,11.35,7,500,10000,0.6249,0.7939,1900,1095,False
C025,Sensor Module 025,Sensor,S025,11.8,21,1000,10000,0.5365,0.397,3400,1095,False
C026,Battery Module 026,Battery,S026,12.25,20,250,10000,0.3908,0.1832,7400,1825,True
C027,Connectivity Module 027,Connectivity,S027,12.7,24,50,10000,0.5916,0.4013,6200,1095,False
C028,Memory Module 028,Memory,S028,13.15,22,100,10000,0.3037,0.4948,6400,1095,False
C029,Connector Module 029,Connector,S029,13.6,17,500,10000,0.6906,0.2992,4100,1095,False
C030,Connector Module 030,Connector,S030,14.05,26,50,10000,0.4591,0.3346,1100,365,False
C031,Battery Module 031,Battery,S031,14.5,13,250,10000,0.7422,0.5808,3800,1825,True
C032,Sensor Module 032,Sensor,S032,14.95,26,50,10000,0.7035,0.0856,1600,365,False
C033,Display Module 033,Display,S033,15.4,25,500,10000,0.7815,0.2475,4400,1825,False
C034,Connectivity Module 034,Connectivity,S034,15.85,8,250,10000,0.5176,0.3681,6200,1095,False
C035,Connector Module 035,Connector,S035,16.3,9,50,10000,0.4402,0.7885,2400,1825,False
C036,Connectivity Module 036,Connectivity,S036,16.75,25,100,10000,0.683,0.1587,5500,365,False
C037,Camera Module 037,Camera,S037,17.2,5,500,10000,0.4743,0.4842,4000,1825,False
C038,Chassis Module 038,Chassis,S038,17.65,3,500,10000,0.6401,0.8174,2500,1095,False
C039,Sensor Module 039,Sensor,S039,18.1,4,1000,10000,0.3913,0.2594,6900,1825,False
C040,Connector Module 040,Connector,S040,18.55,16,250,10000,0.7764,0.7953,6600,365,False
C041,Connectivity Module 041,Connectivity,S041,19.0,10,50,10000,0.2972,0.3425,5600,365,False
C042,Sensor Module 042,Sensor,S042,19.45,20,500,10000,0.4772,0.28,1900,1825,False
C043,Battery Module 043,Battery,S043,19.9,23,50,10000,0.4924,0.6187,4500,730,True
C044,Camera Module 044,Camera,S044,20.35,25,100,10000,0.3924,0.6319,2600,1825,False
C045,Display Module 045,Display,S045,20.8,5,100,10000,0.8885,0.2658,3200,365,False
C046,Connector Module 046,Connector,S046,21.25,13,100,10000,0.7599,0.5073,1100,1095,False
C047,Connector Module 047,Connector,S047,21.7,18,1000,10000,0.6959,0.6377,3700,365,False
C048,Memory Module 048,Memory,S048,22.15,27,50,10000,0.3507,0.0836,4900,1095,False
C049,PCB Module 049,PCB,S049,22.6,16,1000,10000,0.6209,0.4016,4000,1095,False
C050,Processor Module 050,Processor,S050,23.05,3,1000,10000,0.2831,0.4425,800,1095,False
C051,Connectivity Module 051,Connectivity,S051,1.0,4,250,10000,0.4982,0.1789,6900,1825,False
C052,Memory Module 052,Memory,S052,1.45,22,100,10000,0.4272,0.292,4900,365,False
C053,Battery Module 053,Battery,S053,1.9,24,50,10000,0.7028,0.1494,6100,365,True
C054,Sensor Module 054,Sensor,S054,2.35,12,250,10000,0.5585,0.3152,1300,1825,False
C055,Processor Module 055,Processor,S055,2.8,16,500,10000,0.918,0.4966,5700,365,False
C056,Sensor Module 056,Sensor,S056,3.25,18,50,10000,0.7974,0.1487,6100,730,False
C057,Chassis Module 057,Chassis,S057,3.7,12,100,10000,0.3372,0.1642,3300,730,False
C058,Display Module 058,Display,S058,4.15,12,250,10000,0.8614,0.2408,2100,730,False
C059,Chassis Module 059,Chassis,S059,4.6,6,100,10000,0.5825,0.7942,4400,730,False
C060,Chassis Module 060,Chassis,S060,5.05,11,500,10000,0.7774,0.1101,7200,1095,False
C061,Processor Module 061,Processor,S061,5.5,24,1000,10000,0.8414,0.2766,6800,1825,False
C062,Battery Module 062,Battery,S062,5.95,19,1000,10000,0.4153,0.4814,3500,730,True
C063,Battery Module 063,Battery,S063,6.4,20,100,10000,0.5532,0.1468,2600,1825,True
C064,Chassis Module 064,Chassis,S064,6.85,24,100,10000,0.5735,0.3166,2500,1825,False
C065,Display Module 065,Display,S065,7.3,16,100,10000,0.5964,0.1393,6100,1095,False
C066,Camera Module 066,Camera,S066,7.75,20,250,10000,0.2998,0.2357,3700,730,False
C067,Processor Module 067,Processor,S067,8.2,18,500,10000,0.3554,0.304,3700,1095,False
C068,Processor Module 068,Processor,S068,8.65,13,100,10000,0.6014,0.0732,4400,730,False
C069,Chassis Module 069,Chassis,S069,9.1,9,1000,10000,0.823,0.7647,3500,365,False
C070,Memory Module 070,Memory,S070,9.55,9,100,10000,0.6949,0.2714,2600,730,False
C071,Camera Module 071,Camera,S071,10.0,12,250,10000,0.6562,0.2867,7200,365,False
C072,Processor Module 072,Processor,S072,10.45,26,500,10000,0.3305,0.4403,7300,1825,False
C073,Display Module 073,Display,S073,10.9,13,100,10000,0.3968,0.2201,7100,1825,False
C074,Memory Module 074,Memory,S074,11.35,12,100,10000,0.7444,0.2394,2200,1825,False
C075,Connector Module 075,Connector,S075,11.8,3,500,10000,0.4559,0.1745,1800,1825,False
C076,PCB Module 076,PCB,S076,12.25,5,250,10000,0.5196,0.5902,3900,1095,False
C077,Sensor Module 077,Sensor,S077,12.7,11,500,10000,0.6821,0.4137,2500,1095,False
C078,Connector Module 078,Connector,S078,13.15,10,1000,10000,0.6766,0.3348,4700,1825,False
C079,Connectivity Module 079,Connectivity,S079,13.6,3,250,10000,0.515,0.7648,7500,730,False
C080,Connector Module 080,Connector,S080,14.05,18,1000,10000,0.9051,0.5028,7100,1095,False
C081,Display Module 081,Display,S081,14.5,21,1000,10000,0.4716,0.4984,1200,730,False
C082,Battery Module 082,Battery,S082,14.95,4,500,10000,0.7893,0.4627,3900,1825,True
C083,Processor Module 083,Processor,S083,15.4,10,50,10000,0.6866,0.6948,1600,1095,False
C084,Display Module 084,Display,S084,15.85,17,250,10000,0.237,0.321,2000,365,False
C085,Camera Module 085,Camera,S085,16.3,3,250,10000,0.7955,0.5942,5900,1825,False
C086,Memory Module 086,Memory,S086,16.75,13,250,10000,0.4399,0.4422,4700,1095,False
C087,Memory Module 087,Memory,S087,17.2,15,500,10000,0.4711,0.7134,2200,730,False
C088,Battery Module 088,Battery,S088,17.65,28,100,10000,0.8759,0.5667,5200,365,True
C089,Display Module 089,Display,S089,18.1,18,1000,10000,0.3079,0.3819,7100,365,False
C090,Chassis Module 090,Chassis,S090,18.55,24,500,10000,0.1748,0.2398,6100,730,False
C091,Connector Module 091,Connector,S091,19.0,28,250,10000,0.7136,0.2744,7500,365,False
C092,Processor Module 092,Processor,S092,19.45,26,100,10000,0.5432,0.571,1600,1825,False
C093,Display Module 093,Display,S093,19.9,27,100,10000,0.185,0.0862,4500,1095,False
C094,Connectivity Module 094,Connectivity,S094,20.35,15,1000,10000,0.4747,0.6524,6100,730,False
C095,Processor Module 095,Processor,S095,20.8,15,50,10000,0.7924,0.3454,6100,1825,False
C096,Chassis Module 096,Chassis,S096,21.25,25,50,10000,0.461,0.7352,5300,365,False
C097,Sensor Module 097,Sensor,S097,21.7,23,250,10000,0.8531,0.3286,7100,1095,False
C098,Battery Module 098,Battery,S098,22.15,21,250,10000,0.6584,0.2531,4200,1825,True
C099,Camera Module 099,Camera,S099,22.6,18,1000,10000,0.5483,0.4763,5800,1825,False
C100,Connectivity Module 100,Connectivity,S100,23.05,28,1000,10000,0.7832,0.3701,7500,1825,False
C101,Display Module 101,Display,S001,1.0,18,50,10000,0.5156,0.4917,2300,1825,False
C102,Connectivity Module 102,Connectivity,S002,1.45,18,50,10000,0.6177,0.6997,6800,1825,False
C103,Display Module 103,Display,S003,1.9,12,250,10000,0.3776,0.3514,7200,1825,False
C104,Chassis Module 104,Chassis,S004,2.35,27,500,10000,0.5442,0.2041,4700,1095,False
C105,PCB Module 105,PCB,S005,2.8,3,50,10000,0.6044,0.4707,7100,1825,False
C106,Connectivity Module 106,Connectivity,S006,3.25,3,100,10000,0.7939,0.4996,1300,1095,False
C107,Connector Module 107,Connector,S007,3.7,17,100,10000,0.5753,0.4954,5200,365,False
C108,Display Module 108,Display,S008,4.15,9,50,10000,0.4957,0.2836,3400,730,False
C109,Chassis Module 109,Chassis,S009,4.6,24,500,10000,0.4617,0.4414,7900,1825,False
C110,Connector Module 110,Connector,S010,5.05,17,100,10000,0.882,0.3277,7500,1825,False
C111,PCB Module 111,PCB,S011,5.5,28,500,10000,0.9443,0.3392,7200,365,False
C112,Connectivity Module 112,Connectivity,S012,5.95,5,100,10000,0.3086,0.073,7200,365,False
C113,Connector Module 113,Connector,S013,6.4,15,250,10000,0.6333,0.2885,7500,730,False
C114,Sensor Module 114,Sensor,S014,6.85,4,250,10000,0.8399,0.0389,6900,365,False
C115,Connector Module 115,Connector,S015,7.3,15,100,10000,0.3845,0.1482,3200,730,False
C116,Battery Module 116,Battery,S016,7.75,23,1000,10000,0.7179,0.4993,6800,1095,True
C117,Sensor Module 117,Sensor,S017,8.2,12,500,10000,0.4614,0.2981,2900,730,False
C118,Battery Module 118,Battery,S018,8.65,16,500,10000,0.7315,0.5283,5700,1825,False
C119,Chassis Module 119,Chassis,S019,9.1,9,50,10000,0.4773,0.2503,900,730,False
C120,Camera Module 120,Camera,S020,9.55,4,250,10000,0.456,0.4415,5200,365,False
C121,Sensor Module 121,Sensor,S021,10.0,21,100,10000,0.4164,0.2887,7600,1095,False
C122,Memory Module 122,Memory,S022,10.45,16,500,10000,0.8004,0.1703,8000,1095,False
C123,Sensor Module 123,Sensor,S023,10.9,10,500,10000,0.5241,0.766,2500,1825,False
C124,Battery Module 124,Battery,S024,11.35,7,50,10000,0.6863,0.1682,5500,730,True
C125,Sensor Module 125,Sensor,S025,11.8,21,250,10000,0.692,0.3988,4800,365,False
C126,Connector Module 126,Connector,S026,12.25,20,50,10000,0.6599,0.5525,6500,1825,False
C127,Display Module 127,Display,S027,12.7,24,100,10000,0.6055,0.5445,2200,365,False
C128,Memory Module 128,Memory,S028,13.15,22,500,10000,0.8619,0.1727,2600,730,False
C129,Battery Module 129,Battery,S029,13.6,17,1000,10000,0.863,0.4473,2700,730,True
C130,Display Module 130,Display,S030,14.05,26,250,10000,0.3776,0.0789,1500,1095,False
C131,Sensor Module 131,Sensor,S031,14.5,13,1000,10000,0.495,0.6011,6300,1825,False
C132,Processor Module 132,Processor,S032,14.95,26,1000,10000,0.5153,0.2326,6600,1095,False
C133,Chassis Module 133,Chassis,S033,15.4,25,100,10000,0.4223,0.0738,1900,365,False
C134,Battery Module 134,Battery,S034,15.85,8,500,10000,0.6539,0.3861,5900,1095,True
C135,Chassis Module 135,Chassis,S035,16.3,9,500,10000,0.9311,0.2654,6500,365,False
C136,Sensor Module 136,Sensor,S036,16.75,25,100,10000,0.6598,0.0344,2400,365,False
C137,Connector Module 137,Connector,S037,17.2,5,1000,10000,0.233,0.3565,6100,1825,False
C138,Display Module 138,Display,S038,17.65,3,100,10000,0.5661,0.1898,6700,1095,False
C139,Connectivity Module 139,Connectivity,S039,18.1,4,50,10000,0.8137,0.3946,3100,730,False
C140,Camera Module 140,Camera,S040,18.55,16,1000,10000,0.9269,0.0729,4200,730,False
C141,Battery Module 141,Battery,S041,19.0,10,500,10000,0.6044,0.116,2300,730,True
C142,Camera Module 142,Camera,S042,19.45,20,50,10000,0.3516,0.8384,6500,1095,False
C143,Connector Module 143,Connector,S043,19.9,23,500,10000,0.3972,0.326,7300,1825,False
C144,Battery Module 144,Battery,S044,20.35,25,1000,10000,0.9283,0.3158,8000,1825,False
C145,Camera Module 145,Camera,S045,20.8,5,50,10000,0.7444,0.302,2500,730,False
C146,Sensor Module 146,Sensor,S046,21.25,13,250,10000,0.3506,0.7135,5400,730,False
C147,Display Module 147,Display,S047,21.7,18,50,10000,0.4421,0.7,3900,1825,False
C148,Chassis Module 148,Chassis,S048,22.15,27,50,10000,0.4298,0.4928,1400,1825,False
C149,Processor Module 149,Processor,S049,22.6,16,500,10000,0.6121,0.3673,5800,1095,False
C150,Display Module 150,Display,S050,23.05,3,1000,10000,0.4323,0.3463,6600,365,False
C151,Memory Module 151,Memory,S051,1.0,4,1000,10000,0.5306,0.2116,3300,365,False
C152,Camera Module 152,Camera,S052,1.45,22,500,10000,0.1032,0.4652,7500,365,False
C153,Chassis Module 153,Chassis,S053,1.9,24,100,10000,0.9256,0.3838,800,1825,False
C154,Camera Module 154,Camera,S054,2.35,12,250,10000,0.6018,0.5001,2100,730,False
C155,Camera Module 155,Camera,S055,2.8,16,250,10000,0.5346,0.317,4500,730,False
C156,Sensor Module 156,Sensor,S056,3.25,18,250,10000,0.8327,0.4902,3800,1095,False
C157,PCB Module 157,PCB,S057,3.7,12,250,10000,0.4354,0.1684,7000,1825,False
C158,Memory Module 158,Memory,S058,4.15,12,250,10000,0.6449,0.4655,7800,1825,False
C159,PCB Module 159,PCB,S059,4.6,6,250,10000,0.4966,0.1165,5600,1095,False
C160,Sensor Module 160,Sensor,S060,5.05,11,100,10000,0.7451,0.4821,1800,365,False
C161,Camera Module 161,Camera,S061,5.5,24,500,10000,0.653,0.0914,7200,730,False
C162,Chassis Module 162,Chassis,S062,5.95,19,500,10000,0.7744,0.3782,5400,1095,False
C163,Sensor Module 163,Sensor,S063,6.4,20,100,10000,0.7285,0.5026,5300,1825,False
C164,Memory Module 164,Memory,S064,6.85,24,50,10000,0.0946,0.9272,2500,1825,False
C165,Camera Module 165,Camera,S065,7.3,16,50,10000,0.6622,0.4533,2000,365,False
C166,Camera Module 166,Camera,S066,7.75,20,50,10000,0.9896,0.3878,6400,365,False
C167,Sensor Module 167,Sensor,S067,8.2,18,1000,10000,0.9442,0.1898,4700,1095,False
C168,Connector Module 168,Connector,S068,8.65,13,500,10000,0.9094,0.2772,5400,1825,False
C169,PCB Module 169,PCB,S069,9.1,9,100,10000,0.9287,0.6472,6500,1095,False
C170,Sensor Module 170,Sensor,S070,9.55,9,100,10000,0.6685,0.2733,1000,365,False
C171,PCB Module 171,PCB,S071,10.0,12,50,10000,0.5261,0.6536,3600,1095,False
C172,PCB Module 172,PCB,S072,10.45,26,250,10000,0.3707,0.1121,1300,365,False
C173,Camera Module 173,Camera,S073,10.9,13,1000,10000,0.501,0.5324,7600,1095,False
C174,Camera Module 174,Camera,S074,11.35,12,100,10000,0.7712,0.7449,3000,365,False
C175,Camera Module 175,Camera,S075,11.8,3,100,10000,0.696,0.2933,2100,1095,False
C176,Connector Module 176,Connector,S076,12.25,5,100,10000,0.5218,0.4358,3800,365,False
C177,Processor Module 177,Processor,S077,12.7,11,250,10000,0.6823,0.1368,3600,1095,False
C178,Connectivity Module 178,Connectivity,S078,13.15,10,250,10000,0.5312,0.6025,5800,365,False
C179,Connectivity Module 179,Connectivity,S079,13.6,3,50,10000,0.3704,0.0725,3100,1825,False
C180,Processor Module 180,Processor,S080,14.05,18,500,10000,0.4802,0.2878,6000,730,False
C181,Processor Module 181,Processor,S081,14.5,21,100,10000,0.6532,0.6615,7000,730,False
C182,Connectivity Module 182,Connectivity,S082,14.95,4,500,10000,0.9399,0.1896,2700,1095,False
C183,Memory Module 183,Memory,S083,15.4,10,1000,10000,0.7491,0.1664,3500,1095,False
C184,Display Module 184,Display,S084,15.85,17,500,10000,0.6308,0.6769,7400,730,False
C185,PCB Module 185,PCB,S085,16.3,3,100,10000,0.1283,0.4713,7000,730,False
C186,Processor Module 186,Processor,S086,16.75,13,250,10000,0.2377,0.3505,1800,365,False
C187,Sensor Module 187,Sensor,S087,17.2,15,100,10000,0.6107,0.43,2500,1095,False
C188,Processor Module 188,Processor,S088,17.65,28,50,10000,0.6127,0.2436,6300,365,False
C189,PCB Module 189,PCB,S089,18.1,18,50,10000,0.6822,0.119,1900,1095,False
C190,Connectivity Module 190,Connectivity,S090,18.55,24,50,10000,0.9118,0.2241,1900,730,False
C191,Connectivity Module 191,Connectivity,S091,19.0,28,50,10000,0.6653,0.2887,7400,1825,False
C192,PCB Module 192,PCB,S092,19.45,26,250,10000,0.3898,0.347,5000,365,False
C193,Battery Module 193,Battery,S093,19.9,27,50,10000,0.5947,0.2487,5500,1095,True
C194,Connectivity Module 194,Connectivity,S094,20.35,15,250,10000,0.3111,0.7518,2800,1825,False
C195,Chassis Module 195,Chassis,S095,20.8,15,500,10000,0.885,0.4977,2800,1825,False
C196,Sensor Module 196,Sensor,S096,21.25,25,1000,10000,0.4174,0.6677,5700,730,False
C197,Processor Module 197,Processor,S097,21.7,23,500,10000,0.1258,0.2333,4100,730,False
C198,Connector Module 198,Connector,S098,22.15,21,250,10000,0.4852,0.4001,7700,1825,False
C199,Connector Module 199,Connector,S099,22.6,18,1000,10000,0.248,0.341,5200,730,False
C200,Processor Module 200,Processor,S100,23.05,28,100,10000,0.8297,0.4082,2500,365,False
C201,Connector Module 201,Connector,S001,1.0,18,1000,10000,0.6527,0.6883,3900,1095,False
C202,Camera Module 202,Camera,S002,1.45,18,500,10000,0.6125,0.7127,1300,365,False
C203,PCB Module 203,PCB,S003,1.9,12,500,10000,0.5753,0.1294,5400,1825,False
C204,Battery Module 204,Battery,S004,2.35,27,500,10000,0.7503,0.2939,6900,365,True
C205,Battery Module 205,Battery,S005,2.8,3,100,10000,0.3613,0.3847,6600,730,True
C206,Sensor Module 206,Sensor,S006,3.25,3,500,10000,0.5246,0.7034,6600,1095,False
C207,Processor Module 207,Processor,S007,3.7,17,250,10000,0.6998,0.8023,6800,1825,False
C208,PCB Module 208,PCB,S008,4.15,9,500,10000,0.3778,0.3968,2100,365,False
C209,Camera Module 209,Camera,S009,4.6,24,250,10000,0.5986,0.2234,3500,730,False
C210,Connector Module 210,Connector,S010,5.05,17,500,10000,0.3567,0.1296,4900,1095,False
C211,Battery Module 211,Battery,S011,5.5,28,100,10000,0.8233,0.1329,800,1825,True
C212,Display Module 212,Display,S012,5.95,5,500,10000,0.3672,0.1367,5800,365,False
C213,Connectivity Module 213,Connectivity,S013,6.4,15,100,10000,0.562,0.3421,6500,1825,False
C214,PCB Module 214,PCB,S014,6.85,4,50,10000,0.5412,0.3611,5700,1825,False
C215,PCB Module 215,PCB,S015,7.3,15,100,10000,0.5216,0.7316,5200,730,False
C216,Processor Module 216,Processor,S016,7.75,23,250,10000,0.3964,0.2178,7600,1825,False
C217,Camera Module 217,Camera,S017,8.2,12,50,10000,0.5695,0.675,2800,1825,False
C218,Connectivity Module 218,Connectivity,S018,8.65,16,250,10000,0.525,0.2199,4500,730,False
C219,Battery Module 219,Battery,S019,9.1,9,500,10000,0.8589,0.5921,1100,1825,True
C220,Chassis Module 220,Chassis,S020,9.55,4,1000,10000,0.6804,0.3468,3100,1825,False
C221,Processor Module 221,Processor,S021,10.0,21,50,10000,0.3077,0.6567,5900,365,False
C222,Memory Module 222,Memory,S022,10.45,16,50,10000,0.4753,0.5379,5500,1095,False
C223,Connectivity Module 223,Connectivity,S023,10.9,10,100,10000,0.1962,0.1009,6000,1825,False
C224,PCB Module 224,PCB,S024,11.35,7,100,10000,0.4783,0.7694,5100,1825,False
C225,Connectivity Module 225,Connectivity,S025,11.8,21,50,10000,0.505,0.2219,1800,1095,False
C226,Camera Module 226,Camera,S026,12.25,20,500,10000,0.4237,0.1575,1300,365,False
C227,PCB Module 227,PCB,S027,12.7,24,250,10000,0.7233,0.4226,5200,1825,False
C228,Battery Module 228,Battery,S028,13.15,22,250,10000,0.4861,0.5043,5100,1825,True
C229,PCB Module 229,PCB,S029,13.6,17,50,10000,0.8518,0.3033,3200,1825,False
C230,Memory Module 230,Memory,S030,14.05,26,500,10000,0.7061,0.5047,6800,1095,False
C231,Processor Module 231,Processor,S031,14.5,13,250,10000,0.6277,0.6273,2900,730,False
C232,Sensor Module 232,Sensor,S032,14.95,26,1000,10000,0.8409,0.7222,8000,1095,False
C233,Processor Module 233,Processor,S033,15.4,25,500,10000,0.7566,0.6641,1300,1095,False
C234,Processor Module 234,Processor,S034,15.85,8,500,10000,0.5259,0.0547,6300,1825,False
C235,Battery Module 235,Battery,S035,16.3,9,100,10000,0.9241,0.5941,3500,365,False
C236,Sensor Module 236,Sensor,S036,16.75,25,250,10000,0.8625,0.6201,1500,730,False
C237,PCB Module 237,PCB,S037,17.2,5,100,10000,0.5201,0.2783,5700,1095,False
C238,Display Module 238,Display,S038,17.65,3,1000,10000,0.4081,0.8117,7800,1095,False
C239,PCB Module 239,PCB,S039,18.1,4,1000,10000,0.5275,0.3318,3500,1825,False
C240,Display Module 240,Display,S040,18.55,16,50,10000,0.5279,0.6416,1200,730,False
C241,Memory Module 241,Memory,S041,19.0,10,100,10000,0.4465,0.8162,2100,1825,False
C242,Chassis Module 242,Chassis,S042,19.45,20,250,10000,0.4307,0.846,2600,1095,False
C243,Camera Module 243,Camera,S043,19.9,23,100,10000,0.6213,0.3099,5100,730,False
C244,Camera Module 244,Camera,S044,20.35,25,100,10000,0.4256,0.7846,4800,730,False
C245,Connectivity Module 245,Connectivity,S045,20.8,5,250,10000,0.6722,0.3074,6400,365,False
C246,Connectivity Module 246,Connectivity,S046,21.25,13,250,10000,0.7487,0.5919,5200,1825,False
C247,Battery Module 247,Battery,S047,21.7,18,250,10000,0.302,0.5006,2200,365,False
C248,Connector Module 248,Connector,S048,22.15,27,500,10000,0.6611,0.3349,1500,1095,False
C249,Battery Module 249,Battery,S049,22.6,16,100,10000,0.5206,0.4513,5900,730,False
C250,Camera Module 250,Camera,S050,23.05,3,500,10000,0.771,0.3546,5900,365,False
C251,Display Module 251,Display,S051,1.0,4,250,10000,0.6347,0.1188,4900,365,False
C252,Connectivity Module 252,Connectivity,S052,1.45,22,250,10000,0.7174,0.3166,6200,1095,False
C253,Memory Module 253,Memory,S053,1.9,24,500,10000,0.6611,0.2409,2400,365,False
C254,Processor Module 254,Processor,S054,2.35,12,250,10000,0.9675,0.3068,7900,1095,False
C255,Memory Module 255,Memory,S055,2.8,16,100,10000,0.8791,0.6196,2600,730,False
C256,Connectivity Module 256,Connectivity,S056,3.25,18,1000,10000,0.7621,0.4171,5000,365,False
C257,Processor Module 257,Processor,S057,3.7,12,100,10000,0.5975,0.1882,2600,365,False
C258,Processor Module 258,Processor,S058,4.15,12,100,10000,0.1601,0.4038,900,365,False
C259,Memory Module 259,Memory,S059,4.6,6,100,10000,0.6741,0.4992,900,730,False
C260,Processor Module 260,Processor,S060,5.05,11,50,10000,0.6069,0.3837,1200,1095,False
C261,Display Module 261,Display,S061,5.5,24,1000,10000,0.4912,0.4588,7500,1825,False
C262,PCB Module 262,PCB,S062,5.95,19,50,10000,0.7349,0.3731,2400,1095,False
C263,Memory Module 263,Memory,S063,6.4,20,1000,10000,0.6378,0.4653,3700,730,False
C264,Memory Module 264,Memory,S064,6.85,24,1000,10000,0.6863,0.4828,7400,1095,False
C265,Connector Module 265,Connector,S065,7.3,16,250,10000,0.607,0.3243,4600,365,False
C266,Memory Module 266,Memory,S066,7.75,20,100,10000,0.5886,0.2226,4200,730,False
C267,Memory Module 267,Memory,S067,8.2,18,1000,10000,0.6569,0.3028,3000,365,False
C268,Memory Module 268,Memory,S068,8.65,13,500,10000,0.6773,0.6454,5900,1095,False
C269,Memory Module 269,Memory,S069,9.1,9,100,10000,0.5978,0.1072,3200,365,False
C270,Sensor Module 270,Sensor,S070,9.55,9,250,10000,0.8645,0.2898,2600,730,False
C271,Camera Module 271,Camera,S071,10.0,12,50,10000,0.717,0.4691,1600,365,False
C272,Chassis Module 272,Chassis,S072,10.45,26,250,10000,0.7014,0.4081,6200,1095,False
C273,Battery Module 273,Battery,S073,10.9,13,50,10000,0.6432,0.7614,6500,365,False
C274,Battery Module 274,Battery,S074,11.35,12,500,10000,0.7188,0.5746,7700,1825,True
C275,Battery Module 275,Battery,S075,11.8,3,500,10000,0.8496,0.5194,7800,1825,True
C276,Connectivity Module 276,Connectivity,S076,12.25,5,500,10000,0.8709,0.2664,7100,365,False
C277,Display Module 277,Display,S077,12.7,11,100,10000,0.9913,0.5797,5600,1095,False
C278,Display Module 278,Display,S078,13.15,10,100,10000,0.6853,0.0673,2900,1825,False
C279,Battery Module 279,Battery,S079,13.6,3,50,10000,0.5257,0.1373,3200,1095,True
C280,Connectivity Module 280,Connectivity,S080,14.05,18,100,10000,0.4266,0.4971,3800,365,False
C281,Connector Module 281,Connector,S081,14.5,21,50,10000,0.7979,0.1049,1800,1825,False
C282,Connectivity Module 282,Connectivity,S082,14.95,4,250,10000,0.5057,0.588,2900,730,False
C283,Connectivity Module 283,Connectivity,S083,15.4,10,1000,10000,0.7033,0.6449,5400,1825,False
C284,Connector Module 284,Connector,S084,15.85,17,250,10000,0.3192,0.3098,1800,365,False
C285,Memory Module 285,Memory,S085,16.3,3,50,10000,0.6033,0.677,6500,1825,False
C286,Connector Module 286,Connector,S086,16.75,13,100,10000,0.6364,0.1948,2500,1095,False
C287,Display Module 287,Display,S087,17.2,15,1000,10000,0.6817,0.4515,6500,1825,False
C288,Chassis Module 288,Chassis,S088,17.65,28,1000,10000,0.8612,0.5503,4600,365,False
C289,Display Module 289,Display,S089,18.1,18,250,10000,0.5773,0.3033,5300,730,False
C290,PCB Module 290,PCB,S090,18.55,24,250,10000,0.2482,0.1679,1100,730,False
C291,Connectivity Module 291,Connectivity,S091,19.0,28,250,10000,0.5811,0.5911,3900,1825,False
C292,Battery Module 292,Battery,S092,19.45,26,100,10000,0.764,0.3528,1100,1095,True
C293,Processor Module 293,Processor,S093,19.9,27,100,10000,0.2562,0.3824,2800,730,False
C294,PCB Module 294,PCB,S094,20.35,15,500,10000,0.6692,0.7357,7700,365,False
C295,Display Module 295,Display,S095,20.8,15,50,10000,0.6192,0.1448,3800,365,False
C296,Connector Module 296,Connector,S096,21.25,25,100,10000,0.9689,0.5493,4400,365,False
C297,Connectivity Module 297,Connectivity,S097,21.7,23,500,10000,0.8943,0.1723,1500,1825,False
C298,Camera Module 298,Camera,S098,22.15,21,50,10000,0.6306,0.2033,1600,365,False
C299,Processor Module 299,Processor,S099,22.6,18,250,10000,0.6126,0.297,7200,1825,False
C300,Display Module 300,Display,S100,23.05,28,500,10000,0.455,0.212,4400,1825,False
C301,PCB Module 301,PCB,S001,1.0,18,50,10000,0.6828,0.4279,7400,1095,False
C302,PCB Module 302,PCB,S002,1.45,18,100,10000,0.2596,0.5531,3500,365,False
C303,Connector Module 303,Connector,S003,1.9,12,100,10000,0.4681,0.5782,7800,365,False
C304,PCB Module 304,PCB,S004,2.35,27,250,10000,0.946,0.0713,2600,365,False
C305,Chassis Module 305,Chassis,S005,2.8,3,1000,10000,0.887,0.2368,5300,365,False
C306,Battery Module 306,Battery,S006,3.25,3,250,10000,0.573,0.6537,1600,365,True
C307,Battery Module 307,Battery,S007,3.7,17,500,10000,0.5213,0.4352,2800,365,True
C308,Battery Module 308,Battery,S008,4.15,9,500,10000,0.6535,0.5859,2200,1095,False
C309,Connectivity Module 309,Connectivity,S009,4.6,24,500,10000,0.479,0.1858,5400,1825,False
C310,Connector Module 310,Connector,S010,5.05,17,1000,10000,0.7927,0.5954,6000,365,False
C311,Connectivity Module 311,Connectivity,S011,5.5,28,100,10000,0.4508,0.4218,2500,1825,False
C312,Connector Module 312,Connector,S012,5.95,5,100,10000,0.5692,0.3538,4700,730,False
C313,Camera Module 313,Camera,S013,6.4,15,500,10000,0.6394,0.3611,6200,1095,False
C314,Battery Module 314,Battery,S014,6.85,4,50,10000,0.6282,0.302,4600,365,True
C315,Processor Module 315,Processor,S015,7.3,15,250,10000,0.5579,0.4965,3000,730,False
C316,Processor Module 316,Processor,S016,7.75,23,500,10000,0.4845,0.2491,900,1095,False
C317,Battery Module 317,Battery,S017,8.2,12,500,10000,0.645,0.3666,4100,730,True
C318,Sensor Module 318,Sensor,S018,8.65,16,1000,10000,0.6701,0.3618,6200,1095,False
C319,Connectivity Module 319,Connectivity,S019,9.1,9,50,10000,0.9361,0.3563,6600,730,False
C320,Connector Module 320,Connector,S020,9.55,4,100,10000,0.7234,0.3637,6100,730,False
C321,PCB Module 321,PCB,S021,10.0,21,100,10000,0.4119,0.6329,6600,1825,False
C322,Sensor Module 322,Sensor,S022,10.45,16,50,10000,0.2641,0.3975,7500,730,False
C323,Camera Module 323,Camera,S023,10.9,10,100,10000,0.6808,0.7407,4900,365,False
C324,Connectivity Module 324,Connectivity,S024,11.35,7,50,10000,0.9049,0.5443,2100,1095,False
C325,Connector Module 325,Connector,S025,11.8,21,250,10000,0.6594,0.6409,6500,730,False
C326,Processor Module 326,Processor,S026,12.25,20,100,10000,0.2612,0.3938,2400,365,False
C327,Display Module 327,Display,S027,12.7,24,1000,10000,0.5539,0.1314,7800,730,False
C328,Processor Module 328,Processor,S028,13.15,22,50,10000,0.6103,0.3877,7500,365,False
C329,Memory Module 329,Memory,S029,13.6,17,500,10000,0.4698,0.5602,4500,1095,False
C330,Display Module 330,Display,S030,14.05,26,250,10000,0.5897,0.6087,4300,1825,False
C331,Chassis Module 331,Chassis,S031,14.5,13,100,10000,0.3783,0.3333,6500,1095,False
C332,Camera Module 332,Camera,S032,14.95,26,500,10000,0.8024,0.8215,6200,365,False
C333,Processor Module 333,Processor,S033,15.4,25,250,10000,0.833,0.1195,4200,730,False
C334,Camera Module 334,Camera,S034,15.85,8,500,10000,0.4972,0.2025,900,1095,False
C335,Connector Module 335,Connector,S035,16.3,9,50,10000,0.4076,0.1887,4400,365,False
C336,Chassis Module 336,Chassis,S036,16.75,25,50,10000,0.8349,0.5244,7200,730,False
C337,Camera Module 337,Camera,S037,17.2,5,100,10000,0.6926,0.394,5500,1095,False
C338,Chassis Module 338,Chassis,S038,17.65,3,250,10000,0.587,0.2316,5700,1095,False
C339,Memory Module 339,Memory,S039,18.1,4,50,10000,0.8029,0.4562,7300,730,False
C340,Sensor Module 340,Sensor,S040,18.55,16,50,10000,0.8194,0.2232,5600,730,False
C341,Chassis Module 341,Chassis,S041,19.0,10,1000,10000,0.383,0.5111,3900,1095,False
C342,Display Module 342,Display,S042,19.45,20,100,10000,0.4767,0.6497,5500,1095,False
C343,Display Module 343,Display,S043,19.9,23,50,10000,0.4345,0.2765,2700,730,False
C344,Camera Module 344,Camera,S044,20.35,25,250,10000,0.6074,0.231,2900,1095,False
C345,PCB Module 345,PCB,S045,20.8,5,1000,10000,0.1485,0.1142,6400,1095,False
C346,Memory Module 346,Memory,S046,21.25,13,100,10000,0.3782,0.5169,2200,365,False
C347,Battery Module 347,Battery,S047,21.7,18,250,10000,0.6486,0.1804,6900,730,True
C348,Chassis Module 348,Chassis,S048,22.15,27,1000,10000,0.2987,0.7224,5500,1825,False
C349,Chassis Module 349,Chassis,S049,22.6,16,100,10000,0.7213,0.18,2200,365,False
C350,Memory Module 350,Memory,S050,23.05,3,1000,10000,0.8536,0.6951,8000,1825,False
C351,Camera Module 351,Camera,S051,1.0,4,500,10000,0.4841,0.2522,4200,730,False
C352,Processor Module 352,Processor,S052,1.45,22,1000,10000,0.4225,0.4744,5500,365,False
C353,Chassis Module 353,Chassis,S053,1.9,24,250,10000,0.6318,0.2266,5900,365,False
C354,Connector Module 354,Connector,S054,2.35,12,500,10000,0.6051,0.1438,4000,1095,False
C355,Chassis Module 355,Chassis,S055,2.8,16,500,10000,0.8296,0.2072,5000,1825,False
C356,Memory Module 356,Memory,S056,3.25,18,100,10000,0.7091,0.4995,6600,1095,False
C357,Connectivity Module 357,Connectivity,S057,3.7,12,100,10000,0.4821,0.1387,5500,1825,False
C358,Memory Module 358,Memory,S058,4.15,12,1000,10000,0.0811,0.3966,4300,1825,False
C359,Processor Module 359,Processor,S059,4.6,6,500,10000,0.7566,0.7655,7200,1095,False
C360,Connector Module 360,Connector,S060,5.05,11,250,10000,0.722,0.3773,5300,730,False
C361,Connectivity Module 361,Connectivity,S061,5.5,24,100,10000,0.6658,0.3625,6600,1825,False
C362,Connector Module 362,Connector,S062,5.95,19,100,10000,0.6462,0.3372,4900,365,False
C363,PCB Module 363,PCB,S063,6.4,20,1000,10000,0.6156,0.3103,4000,365,False
C364,Processor Module 364,Processor,S064,6.85,24,1000,10000,0.7726,0.3357,7300,730,False
C365,Memory Module 365,Memory,S065,7.3,16,100,10000,0.6371,0.6121,2800,365,False
C366,Connector Module 366,Connector,S066,7.75,20,500,10000,0.6885,0.5327,3900,1095,False
C367,Connector Module 367,Connector,S067,8.2,18,250,10000,0.4936,0.3707,6000,730,False
C368,Processor Module 368,Processor,S068,8.65,13,100,10000,0.4833,0.7054,3600,1825,False
C369,Memory Module 369,Memory,S069,9.1,9,500,10000,0.5943,0.4675,4000,1095,False
C370,Memory Module 370,Memory,S070,9.55,9,1000,10000,0.819,0.0462,3800,1825,False
C371,Camera Module 371,Camera,S071,10.0,12,500,10000,0.5041,0.4365,4900,1825,False
C372,Connectivity Module 372,Connectivity,S072,10.45,26,100,10000,0.6773,0.1844,6700,730,False
C373,Chassis Module 373,Chassis,S073,10.9,13,250,10000,0.4817,0.2205,3800,1825,False
C374,Connectivity Module 374,Connectivity,S074,11.35,12,100,10000,0.5906,0.6014,800,1825,False
C375,Processor Module 375,Processor,S075,11.8,3,250,10000,0.6489,0.6222,7800,1095,False
C376,Display Module 376,Display,S076,12.25,5,500,10000,0.9805,0.2177,1200,730,False
C377,Camera Module 377,Camera,S077,12.7,11,1000,10000,0.9147,0.112,800,365,False
C378,Processor Module 378,Processor,S078,13.15,10,500,10000,0.5901,0.4772,7200,730,False
C379,Processor Module 379,Processor,S079,13.6,3,250,10000,0.6887,0.2081,4700,365,False
C380,Memory Module 380,Memory,S080,14.05,18,100,10000,0.4167,0.2039,7500,365,False
C381,Sensor Module 381,Sensor,S081,14.5,21,100,10000,0.4272,0.743,1900,365,False
C382,Camera Module 382,Camera,S082,14.95,4,500,10000,0.6216,0.5857,5600,730,False
C383,Camera Module 383,Camera,S083,15.4,10,1000,10000,0.3445,0.7889,3100,730,False
C384,Display Module 384,Display,S084,15.85,17,250,10000,0.3613,0.5991,3500,730,False
C385,PCB Module 385,PCB,S085,16.3,3,100,10000,0.6384,0.4211,5600,1825,False
C386,Connector Module 386,Connector,S086,16.75,13,50,10000,0.7748,0.3468,7100,365,False
C387,PCB Module 387,PCB,S087,17.2,15,500,10000,0.7117,0.1845,6700,730,False
C388,Battery Module 388,Battery,S088,17.65,28,1000,10000,0.4558,0.4021,4800,365,True
C389,Chassis Module 389,Chassis,S089,18.1,18,50,10000,0.4362,0.1183,7700,365,False
C390,Battery Module 390,Battery,S090,18.55,24,1000,10000,0.5211,0.2985,4600,1095,False
C391,Processor Module 391,Processor,S091,19.0,28,500,10000,0.9167,0.5259,1500,1825,False
C392,PCB Module 392,PCB,S092,19.45,26,100,10000,0.3885,0.0564,3500,1095,False
C393,Connector Module 393,Connector,S093,19.9,27,100,10000,0.3254,0.114,5500,730,False
C394,Battery Module 394,Battery,S094,20.35,15,500,10000,0.4687,0.1606,1100,1825,True
C395,PCB Module 395,PCB,S095,20.8,15,250,10000,0.4647,0.3503,2000,365,False
C396,Sensor Module 396,Sensor,S096,21.25,25,1000,10000,0.588,0.737,7900,365,False
C397,Memory Module 397,Memory,S097,21.7,23,100,10000,0.378,0.35,6900,1095,False
C398,Battery Module 398,Battery,S098,22.15,21,250,10000,0.4476,0.4779,2100,1825,False
C399,Battery Module 399,Battery,S099,22.6,18,100,10000,0.6013,0.5377,1300,730,False
C400,Camera Module 400,Camera,S100,23.05,28,50,10000,0.6096,0.6105,2200,365,False
C401,Chassis Module 401,Chassis,S001,1.0,18,50,10000,0.8013,0.684,5000,1825,False
C402,Processor Module 402,Processor,S002,1.45,18,500,10000,0.7101,0.313,4400,1095,False
C403,Display Module 403,Display,S003,1.9,12,100,10000,0.3887,0.0925,5500,1095,False
C404,Connector Module 404,Connector,S004,2.35,27,500,10000,0.3384,0.1241,7300,365,False
C405,Connector Module 405,Connector,S005,2.8,3,500,10000,0.5711,0.6448,7600,1825,False
C406,PCB Module 406,PCB,S006,3.25,3,1000,10000,0.6511,0.2512,7300,365,False
C407,Sensor Module 407,Sensor,S007,3.7,17,500,10000,0.8865,0.1384,6300,365,False
C408,Connector Module 408,Connector,S008,4.15,9,1000,10000,0.3391,0.2741,6800,730,False
C409,Connectivity Module 409,Connectivity,S009,4.6,24,250,10000,0.2685,0.2235,2300,1825,False
C410,Battery Module 410,Battery,S010,5.05,17,1000,10000,0.6271,0.3747,3700,730,False
C411,Memory Module 411,Memory,S011,5.5,28,250,10000,0.4782,0.0127,4100,1095,False
C412,Memory Module 412,Memory,S012,5.95,5,50,10000,0.9325,0.1452,4800,1825,False
C413,Connectivity Module 413,Connectivity,S013,6.4,15,50,10000,0.6508,0.3074,3700,365,False
C414,Camera Module 414,Camera,S014,6.85,4,1000,10000,0.3851,0.149,5600,365,False
C415,Display Module 415,Display,S015,7.3,15,1000,10000,0.6028,0.337,4500,1095,False
C416,Connectivity Module 416,Connectivity,S016,7.75,23,1000,10000,0.8714,0.2982,5500,1825,False
C417,Memory Module 417,Memory,S017,8.2,12,1000,10000,0.801,0.2013,3100,365,False
C418,PCB Module 418,PCB,S018,8.65,16,500,10000,0.6814,0.803,5900,365,False
C419,Sensor Module 419,Sensor,S019,9.1,9,100,10000,0.2996,0.0959,6600,365,False
C420,Chassis Module 420,Chassis,S020,9.55,4,500,10000,0.3103,0.4107,1200,1825,False
C421,Processor Module 421,Processor,S021,10.0,21,50,10000,0.2967,0.2305,3400,730,False
C422,Connector Module 422,Connector,S022,10.45,16,500,10000,0.9352,0.5827,4200,1825,False
C423,Battery Module 423,Battery,S023,10.9,10,100,10000,0.5357,0.4908,800,1095,True
C424,Display Module 424,Display,S024,11.35,7,100,10000,0.6544,0.4193,7600,365,False
C425,Connector Module 425,Connector,S025,11.8,21,100,10000,0.6269,0.2982,6200,365,False
C426,Memory Module 426,Memory,S026,12.25,20,100,10000,0.8079,0.8134,3000,730,False
C427,Connectivity Module 427,Connectivity,S027,12.7,24,500,10000,0.6418,0.6596,2000,730,False
C428,Chassis Module 428,Chassis,S028,13.15,22,1000,10000,0.4138,0.1151,5000,1095,False
C429,PCB Module 429,PCB,S029,13.6,17,250,10000,0.625,0.2996,5100,1095,False
C430,PCB Module 430,PCB,S030,14.05,26,250,10000,0.7717,0.2398,3200,1095,False
C431,Sensor Module 431,Sensor,S031,14.5,13,1000,10000,0.8388,0.5672,7000,1095,False
C432,PCB Module 432,PCB,S032,14.95,26,100,10000,0.6656,0.6664,2300,730,False
C433,Connector Module 433,Connector,S033,15.4,25,1000,10000,0.6227,0.7728,5800,1095,False
C434,Sensor Module 434,Sensor,S034,15.85,8,1000,10000,0.8251,0.1297,1600,365,False
C435,Processor Module 435,Processor,S035,16.3,9,250,10000,0.2142,0.7005,5000,1095,False
C436,Battery Module 436,Battery,S036,16.75,25,500,10000,0.1824,0.4203,4400,1825,True
C437,Display Module 437,Display,S037,17.2,5,100,10000,0.7948,0.7351,1700,365,False
C438,Processor Module 438,Processor,S038,17.65,3,50,10000,0.506,0.5758,3600,1095,False
C439,Memory Module 439,Memory,S039,18.1,4,250,10000,0.8284,0.3174,800,1825,False
C440,Camera Module 440,Camera,S040,18.55,16,250,10000,0.4308,0.2877,3200,365,False
C441,Camera Module 441,Camera,S041,19.0,10,1000,10000,0.8441,0.5814,4900,1825,False
C442,Camera Module 442,Camera,S042,19.45,20,100,10000,0.5506,0.5375,7400,1825,False
C443,Connectivity Module 443,Connectivity,S043,19.9,23,500,10000,0.6118,0.7477,7700,730,False
C444,Display Module 444,Display,S044,20.35,25,1000,10000,0.9551,0.4234,1600,1095,False
C445,Memory Module 445,Memory,S045,20.8,5,100,10000,0.3327,0.32,7000,730,False
C446,Camera Module 446,Camera,S046,21.25,13,500,10000,0.8887,0.105,2400,730,False
C447,Processor Module 447,Processor,S047,21.7,18,50,10000,0.4528,0.7457,6000,1095,False
C448,Battery Module 448,Battery,S048,22.15,27,100,10000,0.3443,0.6481,5900,365,True
C449,Camera Module 449,Camera,S049,22.6,16,50,10000,0.284,0.5854,2600,1825,False
C450,Connectivity Module 450,Connectivity,S050,23.05,3,250,10000,0.4087,0.5801,4500,365,False
C451,Connectivity Module 451,Connectivity,S051,1.0,4,1000,10000,0.8912,0.3846,3000,365,False
C452,Sensor Module 452,Sensor,S052,1.45,22,1000,10000,0.331,0.3213,6300,1095,False
C453,Chassis Module 453,Chassis,S053,1.9,24,500,10000,0.6639,0.7416,7100,730,False
C454,Connectivity Module 454,Connectivity,S054,2.35,12,500,10000,0.5146,0.2547,3200,1095,False
C455,Chassis Module 455,Chassis,S055,2.8,16,250,10000,0.8667,0.2329,2600,1825,False
C456,Camera Module 456,Camera,S056,3.25,18,100,10000,0.5928,0.2865,1200,1825,False
C457,Camera Module 457,Camera,S057,3.7,12,250,10000,0.7758,0.5428,5200,365,False
C458,Sensor Module 458,Sensor,S058,4.15,12,500,10000,0.5783,0.564,6200,1825,False
C459,Processor Module 459,Processor,S059,4.6,6,500,10000,0.8636,0.4822,5300,1825,False
C460,Processor Module 460,Processor,S060,5.05,11,100,10000,0.7882,0.2807,7700,1095,False
C461,Battery Module 461,Battery,S061,5.5,24,1000,10000,0.6927,0.4476,7000,730,True
C462,Battery Module 462,Battery,S062,5.95,19,1000,10000,0.0098,0.0301,6700,730,False
C463,Connectivity Module 463,Connectivity,S063,6.4,20,500,10000,0.8883,0.4189,7200,730,False
C464,Connector Module 464,Connector,S064,6.85,24,1000,10000,0.8968,0.7307,5800,365,False
C465,Display Module 465,Display,S065,7.3,16,50,10000,0.5143,0.6466,3800,1825,False
C466,Chassis Module 466,Chassis,S066,7.75,20,500,10000,0.9471,0.2919,2200,365,False
C467,Processor Module 467,Processor,S067,8.2,18,100,10000,0.5415,0.2155,2400,365,False
C468,Connector Module 468,Connector,S068,8.65,13,100,10000,0.7394,0.1426,1700,730,False
C469,Memory Module 469,Memory,S069,9.1,9,100,10000,0.3775,0.51,6200,1095,False
C470,Sensor Module 470,Sensor,S070,9.55,9,250,10000,0.2645,0.6836,2700,365,False
C471,Memory Module 471,Memory,S071,10.0,12,100,10000,0.8188,0.5287,800,1825,False
C472,Memory Module 472,Memory,S072,10.45,26,1000,10000,0.3083,0.4131,5500,1095,False
C473,Display Module 473,Display,S073,10.9,13,50,10000,0.3439,0.3794,4500,730,False
C474,Connectivity Module 474,Connectivity,S074,11.35,12,500,10000,0.6101,0.4983,6400,365,False
C475,Chassis Module 475,Chassis,S075,11.8,3,50,10000,0.4438,0.2187,1700,730,False
C476,Battery Module 476,Battery,S076,12.25,5,100,10000,0.695,0.4804,7300,365,True
C477,Battery Module 477,Battery,S077,12.7,11,250,10000,0.652,0.3721,4700,365,True
C478,Connectivity Module 478,Connectivity,S078,13.15,10,1000,10000,0.4416,0.5133,6300,1095,False
C479,Connectivity Module 479,Connectivity,S079,13.6,3,250,10000,0.7601,0.5115,4800,1825,False
C480,Camera Module 480,Camera,S080,14.05,18,250,10000,0.6737,0.9397,3100,730,False
C481,Processor Module 481,Processor,S081,14.5,21,500,10000,0.393,0.5003,6300,1825,False
C482,Connectivity Module 482,Connectivity,S082,14.95,4,50,10000,0.4784,0.1439,2600,1095,False
C483,Memory Module 483,Memory,S083,15.4,10,50,10000,0.791,0.5035,4000,730,False
C484,Connectivity Module 484,Connectivity,S084,15.85,17,100,10000,0.5365,0.5545,2300,730,False
C485,Connectivity Module 485,Connectivity,S085,16.3,3,1000,10000,0.4693,0.5891,3100,730,False
C486,Camera Module 486,Camera,S086,16.75,13,500,10000,0.7722,0.5032,6600,1095,False
C487,Processor Module 487,Processor,S087,17.2,15,250,10000,0.8324,0.3125,2800,730,False
C488,Connector Module 488,Connector,S088,17.65,28,1000,10000,0.305,0.0401,8000,730,False
C489,Processor Module 489,Processor,S089,18.1,18,100,10000,0.4559,0.2692,1100,730,False
C490,Connectivity Module 490,Connectivity,S090,18.55,24,100,10000,0.4149,0.6021,4800,1825,False
C491,Chassis Module 491,Chassis,S091,19.0,28,1000,10000,0.8391,0.0701,1200,1095,False
C492,Chassis Module 492,Chassis,S092,19.45,26,500,10000,0.8067,0.3574,5000,730,False
C493,Processor Module 493,Processor,S093,19.9,27,1000,10000,0.7299,0.1939,2000,1825,False
C494,Memory Module 494,Memory,S094,20.35,15,1000,10000,0.1349,0.4434,7600,1825,False
C495,Connectivity Module 495,Connectivity,S095,20.8,15,100,10000,0.6928,0.3379,4100,730,False
C496,Display Module 496,Display,S096,21.25,25,100,10000,0.8189,0.3553,4300,1095,False
C497,PCB Module 497,PCB,S097,21.7,23,1000,10000,0.2171,0.6352,6600,1095,False
C498,Display Module 498,Display,S098,22.15,21,100,10000,0.2528,0.0798,1800,365,False
C499,Memory Module 499,Memory,S099,22.6,18,250,10000,0.6085,0.353,1800,1825,False
C500,Display Module 500,Display,S100,23.05,28,500,10000,0.6492,0.3741,4200,730,False
