product_id,product_name,category,factory_id,selling_price,production_cost,production_time_hours,demand_mean,demand_std,priority_level,profit_margin
P001,Drone Controller Series 001,Drone Controller,F001,1828.71,1227.61,2.09,23.0164,15.6415,Medium,0.328702
P002,Router Series 002,Router,F002,2277.32,1358.65,0.21,21.726,15.3243,Critical,0.4034
P003,Smartwatch Series 003,Smartwatch,F003,1382.34,1105.32,0.24,21.6329,15.7846,High,0.200399
P004,Router Series 004,Router,F004,1506.02,1138.55,1.68,22.7644,15.4093,Low,0.244001
P005,Laptop Series 005,Laptop,F005,1489.32,1101.5,0.62,21.1233,15.0232,High,0.260401
P006,Drone Controller Series 006,Drone Controller,F006,1779.32,979.34,0.91,21.1918,14.0323,High,0.449599
P007,Camera Series 007,Camera,F007,2362.8,1385.31,2.0,22.2904,14.89,High,0.4137
P008,Smartphone Series 008,Smartphone,F008,1754.19,1225.65,0.9,21.9671,15.4563,Low,0.301301
P009,Tablet Series 009,Tablet,F009,2438.98,1354.61,1.31,21.2137,14.5345,Medium,0.4446
P010,IoT Sensor Series 010,IoT Sensor,F010,1599.86,1109.34,0.67,22.3589,15.7489,Medium,0.306602
P011,Tablet Series 011,Tablet,F011,1428.84,1025.62,0.49,22.5699,15.2649,Low,0.282201
P012,Router Series 012,Router,F012,1259.62,1020.92,0.64,23.5315,16.3808,High,0.189502
P013,Drone Controller Series 013,Drone Controller,F013,2214.66,1237.33,1.55,22.9589,15.4024,Medium,0.4413
P014,IoT Sensor Series 014,IoT Sensor,F014,2468.18,1441.91,2.35,22.5671,14.7796,Low,0.4158
P015,Laptop Series 015,Laptop,F015,1904.84,1212.05,1.82,22.337,14.6844,Medium,0.3637
P016,Laptop Series 016,Laptop,F016,1877.81,1241.23,0.76,22.5918,15.1542,Critical,0.339001
P017,Camera Series 017,Camera,F017,1531.05,1126.7,0.5,22.0192,14.8253,Low,0.2641
P018,Smartphone Series 018,Smartphone,F018,1375.37,1116.94,1.75,22.1507,14.6065,Critical,0.187899
P019,IoT Sensor Series 019,IoT Sensor,F019,1619.04,1239.21,0.3,21.9644,14.1127,High,0.234602
P020,IoT Sensor Series 020,IoT Sensor,F020,1566.77,1159.41,1.96,20.8849,15.3665,Critical,0.26
P021,Smartphone Series 021,Smartphone,F001,2276.14,1483.36,1.96,22.2164,15.7264,High,0.3483
P022,Router Series 022,Router,F002,1443.59,1041.55,0.59,22.4932,16.1599,Medium,0.2785
P023,Drone Controller Series 023,Drone Controller,F003,1437.45,1096.92,2.19,21.9781,14.9081,Low,0.236899
P024,Smartphone Series 024,Smartphone,F004,1890.71,1050.1,1.29,21.2493,13.8973,Low,0.4446
P025,Laptop Series 025,Laptop,F005,1278.22,972.6,0.5,20.5507,14.71,Low,0.239098
P026,Tablet Series 026,Tablet,F006,2151.64,1203.84,1.21,21.5753,14.5389,Low,0.440501
P027,Tablet Series 027,Tablet,F007,1865.83,1086.66,1.91,20.6712,14.7932,Medium,0.4176
P028,Camera Series 028,Camera,F008,1832.07,1252.95,2.06,21.337,13.7971,Low,0.316101
P029,Drone Controller Series 029,Drone Controller,F009,1884.63,1186.56,2.14,21.5342,13.9827,Low,0.370402
P030,IoT Sensor Series 030,IoT Sensor,F010,2508.28,1526.29,1.56,22.937,15.4435,Critical,0.391499
P031,Smartwatch Series 031,Smartwatch,F011,2221.11,1240.27,1.57,21.8027,14.7641,Critical,0.441599
P032,Router Series 032,Router,F012,1577.18,1211.12,2.32,21.7205,14.9481,Critical,0.232098
P033,Router Series 033,Router,F013,1930.74,1263.28,2.31,20.9562,13.6355,Critical,0.345702
P034,Drone Controller Series 034,Drone Controller,F014,1274.41,974.16,0.25,22.6795,15.4652,High,0.235599
P035,IoT Sensor Series 035,IoT Sensor,F015,1875.22,1056.5,0.32,22.1726,15.03,Medium,0.436599
P036,Drone Controller Series 036,Drone Controller,F016,1498.01,1218.03,2.5,20.5178,13.9218,High,0.186901
P037,IoT Sensor Series 037,IoT Sensor,F017,1837.25,1101.25,1.75,22.7096,14.4815,Critical,0.400599
P038,Drone Controller Series 038,Drone Controller,F018,1677.89,1267.14,1.13,22.8438,15.6,Critical,0.244802
P039,Smartwatch Series 039,Smartwatch,F019,1579.48,1123.96,1.89,21.9288,15.9195,Medium,0.288399
P040,Tablet Series 040,Tablet,F020,1600.78,1085.01,1.57,22.1425,15.9627,High,0.322199
P041,IoT Sensor Series 041,IoT Sensor,F001,1836.19,1260.36,1.49,20.5973,15.2078,High,0.3136
P042,IoT Sensor Series 042,IoT Sensor,F002,1908.24,1137.5,1.32,22.6,14.9737,Medium,0.403901
P043,Tablet Series 043,Tablet,F003,2352.24,1408.52,2.16,21.7644,15.0622,Medium,0.401201
P044,Camera Series 044,Camera,F004,1667.76,937.45,0.83,22.1452,15.4385,High,0.437899
P045,Tablet Series 045,Tablet,F005,1401.0,1132.85,0.69,21.537,14.4238,High,0.191399
P046,Router Series 046,Router,F006,1718.99,1301.79,2.15,22.3342,14.7987,Low,0.242701
P047,Smartwatch Series 047,Smartwatch,F007,1495.14,1196.86,2.01,22.4,14.2936,Low,0.1995
P048,Laptop Series 048,Laptop,F008,2211.5,1436.15,0.26,21.337,15.4756,High,0.350599
P049,Smartphone Series 049,Smartphone,F009,1254.47,801.86,0.42,21.2767,15.2672,High,0.360798
P050,Drone Controller Series 050,Drone Controller,F010,1681.79,1203.99,2.06,22.0712,15.3698,Critical,0.284102
P051,Smartphone Series 051,Smartphone,F011,2002.77,1205.67,1.17,20.8493,14.2845,Critical,0.397999
P052,Smartwatch Series 052,Smartwatch,F012,1581.06,1213.62,2.26,21.4219,15.1083,Medium,0.232401
P053,Drone Controller Series 053,Drone Controller,F013,1638.29,1165.48,2.17,20.189,14.6973,Low,0.2886
P054,Router Series 054,Router,F014,1873.41,1047.61,1.63,22.1425,15.3837,High,0.4408
P055,IoT Sensor Series 055,IoT Sensor,F015,1521.29,1128.8,1.95,21.8795,14.9676,Low,0.257998
P056,Camera Series 056,Camera,F016,2450.17,1532.58,2.43,21.8384,14.9145,Low,0.374501
P057,Router Series 057,Router,F017,1566.39,1213.95,1.53,23.0548,15.2381,High,0.225001
P058,Laptop Series 058,Laptop,F018,1481.9,1200.49,0.38,21.6082,15.1221,Critical,0.189898
P059,Smartwatch Series 059,Smartwatch,F019,1457.23,919.51,0.97,22.2164,15.5465,High,0.369001
P060,Camera Series 060,Camera,F020,1950.06,1143.71,0.21,22.5699,15.7641,Low,0.4135
P061,Smartwatch Series 061,Smartwatch,F001,2377.45,1319.01,0.24,22.1452,15.2133,High,0.4452
P062,Router Series 062,Router,F002,1682.3,1172.9,1.1,23.0548,15.0811,Critical,0.3028
P063,Laptop Series 063,Laptop,F003,2106.53,1236.32,0.2,21.5014,15.4007,Critical,0.413101
P064,IoT Sensor Series 064,IoT Sensor,F004,1049.36,854.6,1.38,22.3233,14.2431,Medium,0.185599
P065,Drone Controller Series 065,Drone Controller,F005,1558.03,973.3,0.69,21.263,14.9782,Low,0.375301
P066,Tablet Series 066,Tablet,F006,2195.84,1261.29,1.29,20.9342,14.59,High,0.4256
P067,Smartphone Series 067,Smartphone,F007,1766.71,1163.91,1.9,21.2822,15.4528,Low,0.341199
P068,Camera Series 068,Camera,F008,1573.67,1261.3,1.32,20.3096,14.269,Low,0.198498
P069,Drone Controller Series 069,Drone Controller,F009,1609.53,1030.26,0.27,22.7863,14.7408,Medium,0.3599
P070,Smartphone Series 070,Smartphone,F010,1491.91,1135.94,2.1,21.0,14.1342,Medium,0.2386
P071,Smartphone Series 071,Smartphone,F011,1449.26,1033.32,0.58,22.3178,14.8478,Low,0.287002
P072,Laptop Series 072,Laptop,F012,1671.96,1323.02,1.48,22.4137,15.8156,High,0.208701
P073,Tablet Series 073,Tablet,F013,2049.17,1228.48,0.47,22.5671,15.1928,High,0.400499
P074,Drone Controller Series 074,Drone Controller,F014,2182.61,1461.91,2.23,22.3918,15.5612,Medium,0.330201
P075,Smartphone Series 075,Smartphone,F015,1797.15,1202.65,1.79,21.6986,14.5115,Critical,0.330802
P076,Tablet Series 076,Tablet,F016,1517.74,1183.08,0.32,22.4548,15.1752,Low,0.220499
P077,Drone Controller Series 077,Drone Controller,F017,1618.08,1309.35,0.27,21.7589,15.6081,High,0.1908
P078,Camera Series 078,Camera,F018,1303.45,1008.74,0.46,22.7836,15.1243,Low,0.2261
P079,Drone Controller Series 079,Drone Controller,F019,1743.52,1329.96,1.42,23.5726,15.8522,Medium,0.237198
P080,Drone Controller Series 080,Drone Controller,F020,1828.94,1188.26,2.43,21.7918,15.2589,Medium,0.350301
P081,Smartwatch Series 081,Smartwatch,F001,1828.86,1446.26,0.62,21.6493,14.6375,Medium,0.209201
P082,Smartwatch Series 082,Smartwatch,F002,1477.02,1121.5,1.16,21.726,14.5167,Medium,0.240701
P083,IoT Sensor Series 083,IoT Sensor,F003,1718.44,1044.47,1.46,22.337,14.0622,Medium,0.392199
P084,Smartphone Series 084,Smartphone,F004,1221.81,977.2,1.73,22.189,14.78,Medium,0.200203
P085,IoT Sensor Series 085,IoT Sensor,F005,1638.45,1262.1,0.38,22.6932,14.6827,Critical,0.229699
P086,Tablet Series 086,Tablet,F006,1780.69,1197.69,0.36,21.6356,15.4092,High,0.327401
P087,IoT Sensor Series 087,IoT Sensor,F007,1689.96,1173.51,1.76,21.5233,14.9969,Critical,0.305599
P088,Laptop Series 088,Laptop,F008,1756.58,1107.35,1.43,21.8301,15.4673,Low,0.369599
P089,Drone Controller Series 089,Drone Controller,F009,1582.11,1255.56,1.35,20.3562,13.5723,High,0.206402
P090,Drone Controller Series 090,Drone Controller,F010,2191.23,1338.84,1.24,20.9178,14.4372,High,0.389001
P091,Camera Series 091,Camera,F011,1764.05,1079.07,0.7,23.0904,16.7919,Low,0.3883
P092,Camera Series 092,Camera,F012,1859.79,1206.82,2.35,21.0411,14.058,Low,0.351099
P093,Router Series 093,Router,F013,2141.57,1209.13,1.29,22.4603,15.3857,Critical,0.4354
P094,Tablet Series 094,Tablet,F014,1755.47,1246.21,1.83,22.3014,15.4078,Medium,0.290099
P095,Drone Controller Series 095,Drone Controller,F015,2018.8,1122.05,0.63,22.4219,14.4869,Low,0.4442
P096,Smartphone Series 096,Smartphone,F016,2186.42,1373.73,1.03,21.1479,14.9391,High,0.371699
P097,Tablet Series 097,Tablet,F017,2092.9,1196.3,0.49,22.4932,15.9385,High,0.428401
P098,Laptop Series 098,Laptop,F018,1551.28,1156.79,0.28,23.5425,16.531,Medium,0.2543
P099,Drone Controller Series 099,Drone Controller,F019,1662.53,1207.16,1.65,22.537,14.5639,High,0.273902
P100,Tablet Series 100,Tablet,F020,1663.66,1174.21,1.51,23.6575,16.5444,Low,0.294201
