route_id,origin_id,destination_id,transport_mode,distance_km,normal_transit_days,route_capacity,cost_per_unit,weather_risk,congestion_risk,geopolitical_risk,alternative_route_available,estimated_transit_cost
R0001,S001,F002,Road,1014.45,2,10000,0.1514,0.12,0.18,0.03,False,45.43
R0002,S001,F016,Road,882.07,2,10000,0.1382,0.12,0.18,0.03,False,41.46
R0003,S002,F006,Road,144.59,1,10000,0.0645,0.12,0.18,0.03,False,19.34
R0004,S002,F009,Road,1104.1,3,10000,0.1604,0.12,0.18,0.03,False,48.12
R0005,S003,F011,Road,2086.79,4,10000,0.2587,0.12,0.18,0.03,False,77.6
R0006,S003,F009,Road,282.07,1,10000,0.0782,0.12,0.18,0.03,False,23.46
R0007,S004,F004,Road,1.2,1,10000,0.0501,0.12,0.18,0.03,False,15.04
R0008,S004,F019,Road,1928.89,4,10000,0.2429,0.12,0.18,0.03,False,72.87
R0009,S005,F010,Road,872.68,2,10000,0.1373,0.12,0.18,0.03,False,41.18
R0010,S005,F003,Road,1505.32,3,10000,0.2005,0.12,0.18,0.03,False,60.16
R0011,S006,F004,Road,1097.06,2,10000,0.1597,0.12,0.18,0.03,False,47.91
R0012,S006,F002,Road,144.59,1,10000,0.0645,0.12,0.18,0.03,False,19.34
R0013,S007,F012,Road,1984.05,4,10000,0.2484,0.12,0.18,0.03,False,74.52
R0014,S007,F006,Road,1889.52,4,10000,0.239,0.12,0.18,0.03,False,71.69
R0015,S008,F003,Road,930.88,2,10000,0.1431,0.12,0.18,0.03,False,42.93
R0016,S008,F007,Road,1942.36,4,10000,0.2442,0.12,0.18,0.03,False,73.27
R0017,S009,F018,Road,647.97,2,10000,0.1148,0.12,0.18,0.03,False,34.44
R0018,S009,F010,Road,2125.35,4,10000,0.2625,0.12,0.18,0.03,False,78.76
R0019,S010,F007,Road,2118.05,4,10000,0.2618,0.12,0.18,0.03,False,78.54
R0020,S010,F005,Road,872.68,2,10000,0.1373,0.12,0.18,0.03,False,41.18
R0021,S011,F017,Road,1872.79,4,10000,0.2373,0.12,0.18,0.03,False,71.18
R0022,S011,F003,Road,2086.79,4,10000,0.2587,0.12,0.18,0.03,False,77.6
R0023,S012,F001,Road,1014.6,2,10000,0.1515,0.12,0.18,0.03,False,45.44
R0024,S012,F016,Road,144.59,1,10000,0.0645,0.12,0.18,0.03,False,19.34
R0025,S013,F017,Road,1563.99,3,10000,0.2064,0.12,0.18,0.03,False,61.92
R0026,S013,F001,Road,2088.09,4,10000,0.2588,0.12,0.18,0.03,False,77.64
R0027,S014,F012,Road,1239.98,3,10000,0.174,0.12,0.18,0.03,False,52.2
R0028,S014,F016,Road,1097.04,2,10000,0.1597,0.12,0.18,0.03,False,47.91
R0029,S015,F003,Road,1504.72,3,10000,0.2005,0.12,0.18,0.03,False,60.14
R0030,S015,F004,Road,619.43,2,10000,0.1119,0.12,0.18,0.03,False,33.58
R0031,S016,F010,Road,1077.97,2,10000,0.1578,0.12,0.18,0.03,False,47.34
R0032,S016,F001,Road,882.07,2,10000,0.1382,0.12,0.18,0.03,False,41.46
R0033,S017,F002,Road,1985.57,4,10000,0.2486,0.12,0.18,0.03,False,74.57
R0034,S017,F013,Road,1563.99,3,10000,0.2064,0.12,0.18,0.03,False,61.92
R0035,S018,F004,Road,1646.41,3,10000,0.2146,0.12,0.18,0.03,False,64.39
R0036,S018,F017,Road,1942.29,4,10000,0.2442,0.12,0.18,0.03,False,73.27
R0037,S019,F019,Road,1.2,1,10000,0.0501,0.12,0.18,0.03,False,15.04
R0038,S019,F002,Road,1104.93,3,10000,0.1605,0.12,0.18,0.03,False,48.15
R0039,S020,F008,Road,1695.49,4,10000,0.2195,0.12,0.18,0.03,False,65.86
R0040,S020,F004,Road,511.04,1,10000,0.1011,0.12,0.18,0.03,False,30.33
R0041,S021,F011,Road,1.2,1,10000,0.0501,0.12,0.18,0.03,False,15.04
R0042,S021,F016,Road,881.64,2,10000,0.1382,0.12,0.18,0.03,False,41.45
R0043,S022,F005,Road,745.0,2,10000,0.1245,0.12,0.18,0.03,False,37.35
R0044,S022,F011,Road,1014.59,2,10000,0.1515,0.12,0.18,0.03,False,45.44
R0045,S023,F009,Road,283.84,1,10000,0.0784,0.12,0.18,0.03,False,23.52
R0046,S023,F014,Road,2107.3,4,10000,0.2607,0.12,0.18,0.03,False,78.22
R0047,S024,F018,Road,1646.07,3,10000,0.2146,0.12,0.18,0.03,False,64.38
R0048,S024,F010,Road,513.77,1,10000,0.1014,0.12,0.18,0.03,False,30.41
R0049,S025,F015,Road,1.2,1,10000,0.0501,0.12,0.18,0.03,False,15.04
R0050,S025,F016,Road,607.14,2,10000,0.1107,0.12,0.18,0.03,False,33.21
R0051,S026,F015,Road,606.25,2,10000,0.1106,0.12,0.18,0.03,False,33.19
R0052,S026,F001,Road,882.28,2,10000,0.1382,0.12,0.18,0.03,False,41.47
R0053,S027,F014,Road,1630.69,3,10000,0.2131,0.12,0.18,0.03,False,63.92
R0054,S027,F007,Road,1.82,1,10000,0.0502,0.12,0.18,0.03,False,15.05
R0055,S028,F006,Road,622.6,2,10000,0.1123,0.12,0.18,0.03,False,33.68
R0056,S028,F005,Road,1055.15,2,10000,0.1555,0.12,0.18,0.03,False,46.65
R0057,S029,F019,Road,1.2,1,10000,0.0501,0.12,0.18,0.03,False,15.04
R0058,S029,F016,Road,1145.15,3,10000,0.1645,0.12,0.18,0.03,False,49.35
R0059,S030,F010,Road,1.87,1,10000,0.0502,0.12,0.18,0.03,False,15.06
R0060,S030,F001,Road,271.21,1,10000,0.0771,0.12,0.18,0.03,False,23.14
R0061,S031,F003,Road,2085.48,4,10000,0.2585,0.12,0.18,0.03,False,77.56
R0062,S031,F009,Road,1871.87,4,10000,0.2372,0.12,0.18,0.03,False,71.16
R0063,S032,F002,Road,2.75,1,10000,0.0503,0.12,0.18,0.03,False,15.08
R0064,S032,F019,Road,1102.43,3,10000,0.1602,0.12,0.18,0.03,False,48.07
R0065,S033,F016,Road,1408.69,3,10000,0.1909,0.12,0.18,0.03,False,57.26
R0066,S033,F018,Road,932.64,2,10000,0.1433,0.12,0.18,0.03,False,42.98
R0067,S034,F003,Road,2105.13,4,10000,0.2605,0.12,0.18,0.03,False,78.15
R0068,S034,F018,Road,1645.9,3,10000,0.2146,0.12,0.18,0.03,False,64.38
R0069,S035,F015,Road,1.84,1,10000,0.0502,0.12,0.18,0.03,False,15.06
R0070,S035,F010,Road,875.07,2,10000,0.1375,0.12,0.18,0.03,False,41.25
R0071,S036,F002,Road,145.2,1,10000,0.0645,0.12,0.18,0.03,False,19.36
R0072,S036,F015,Road,605.79,2,10000,0.1106,0.12,0.18,0.03,False,33.17
R0073,S037,F009,Road,1629.52,3,10000,0.213,0.12,0.18,0.03,False,63.89
R0074,S037,F013,Road,1564.29,3,10000,0.2064,0.12,0.18,0.03,False,61.93
R0075,S038,F001,Road,1485.16,3,10000,0.1985,0.12,0.18,0.03,False,59.55
R0076,S038,F018,Road,1.81,1,10000,0.0502,0.12,0.18,0.03,False,15.05
R0077,S039,F015,Road,1314.21,3,10000,0.1814,0.12,0.18,0.03,False,54.43
R0078,S039,F020,Road,2126.6,4,10000,0.2627,0.12,0.18,0.03,False,78.8
R0079,S040,F015,Road,871.09,2,10000,0.1371,0.12,0.18,0.03,False,41.13
R0080,S040,F019,Road,2124.11,4,10000,0.2624,0.12,0.18,0.03,False,78.72
R0081,S041,F004,Road,346.0,1,10000,0.0846,0.12,0.18,0.03,False,25.38
R0082,S041,F017,Road,1870.0,4,10000,0.237,0.12,0.18,0.03,False,71.1
R0083,S042,F006,Road,143.85,1,10000,0.0644,0.12,0.18,0.03,False,19.32
R0084,S042,F016,Road,144.02,1,10000,0.0644,0.12,0.18,0.03,False,19.32
R0085,S043,F001,Road,2090.05,4,10000,0.259,0.12,0.18,0.03,False,77.7
R0086,S043,F010,Road,2350.01,5,10000,0.285,0.12,0.18,0.03,False,85.5
R0087,S044,F010,Road,515.58,1,10000,0.1016,0.12,0.18,0.03,False,30.47
R0088,S044,F004,Road,3.73,1,10000,0.0504,0.12,0.18,0.03,False,15.11
R0089,S045,F011,Road,603.39,2,10000,0.1103,0.12,0.18,0.03,False,33.1
R0090,S045,F010,Road,875.87,2,10000,0.1376,0.12,0.18,0.03,False,41.28
R0091,S046,F014,Road,1096.91,2,10000,0.1597,0.12,0.18,0.03,False,47.91
R0092,S046,F005,Road,604.9,2,10000,0.1105,0.12,0.18,0.03,False,33.15
R0093,S047,F013,Road,1564.44,3,10000,0.2064,0.12,0.18,0.03,False,61.93
R0094,S047,F004,Road,1633.43,3,10000,0.2133,0.12,0.18,0.03,False,64.0
R0095,S048,F018,Road,2.72,1,10000,0.0503,0.12,0.18,0.03,False,15.08
R0096,S048,F013,Road,928.17,2,10000,0.1428,0.12,0.18,0.03,False,42.85
R0097,S049,F015,Road,1314.7,3,10000,0.1815,0.12,0.18,0.03,False,54.44
R0098,S049,F002,Road,1107.41,3,10000,0.1607,0.12,0.18,0.03,False,48.22
R0099,S050,F012,Road,1195.9,3,10000,0.1696,0.12,0.18,0.03,False,50.88
R0100,S050,F004,Road,508.31,1,10000,0.1008,0.12,0.18,0.03,False,30.25
R0101,S051,F017,Road,1869.07,4,10000,0.2369,0.12,0.18,0.03,False,71.07
R0102,S051,F003,Road,2084.18,4,10000,0.2584,0.12,0.18,0.03,False,77.53
R0103,S052,F020,Road,1198.12,3,10000,0.1698,0.12,0.18,0.03,False,50.94
R0104,S052,F006,Road,143.68,1,10000,0.0644,0.12,0.18,0.03,False,19.31
R0105,S053,F010,Road,2350.69,5,10000,0.2851,0.12,0.18,0.03,False,85.52
R0106,S053,F009,Road,286.5,1,10000,0.0786,0.12,0.18,0.03,False,23.6
R0107,S054,F006,Road,1097.23,2,10000,0.1597,0.12,0.18,0.03,False,47.92
R0108,S054,F005,Road,617.15,2,10000,0.1117,0.12,0.18,0.03,False,33.51
R0109,S055,F020,Road,875.87,2,10000,0.1376,0.12,0.18,0.03,False,41.28
R0110,S055,F013,Road,1502.92,3,10000,0.2003,0.12,0.18,0.03,False,60.09
R0111,S056,F003,Road,1402.98,3,10000,0.1903,0.12,0.18,0.03,False,57.09
R0112,S056,F016,Road,3.68,1,10000,0.0504,0.12,0.18,0.03,False,15.11
R0113,S057,F019,Road,1629.77,3,10000,0.213,0.12,0.18,0.03,False,63.89
R0114,S057,F005,Road,1421.24,3,10000,0.1921,0.12,0.18,0.03,False,57.64
R0115,S058,F018,Road,3.63,1,10000,0.0504,0.12,0.18,0.03,False,15.11
R0116,S058,F016,Road,623.57,2,10000,0.1124,0.12,0.18,0.03,False,33.71
R0117,S059,F002,Road,1108.24,3,10000,0.1608,0.12,0.18,0.03,False,48.25
R0118,S059,F017,Road,1627.13,3,10000,0.2127,0.12,0.18,0.03,False,63.81
R0119,S060,F018,Road,1694.22,4,10000,0.2194,0.12,0.18,0.03,False,65.83
R0120,S060,F001,Road,268.72,1,10000,0.0769,0.12,0.18,0.03,False,23.06
R0121,S061,F015,Road,597.16,2,10000,0.1097,0.12,0.18,0.03,False,32.91
R0122,S061,F011,Road,4.66,1,10000,0.0505,0.12,0.18,0.03,False,15.14
R0123,S062,F005,Road,743.36,2,10000,0.1243,0.12,0.18,0.03,False,37.3
R0124,S062,F001,Road,1015.37,2,10000,0.1515,0.12,0.18,0.03,False,45.46
R0125,S063,F009,Road,287.38,1,10000,0.0787,0.12,0.18,0.03,False,23.62
R0126,S063,F002,Road,1381.75,3,10000,0.1882,0.12,0.18,0.03,False,56.45
R0127,S064,F019,Road,1926.14,4,10000,0.2426,0.12,0.18,0.03,False,72.78
R0128,S064,F007,Road,1624.24,3,10000,0.2124,0.12,0.18,0.03,False,63.73
R0129,S065,F009,Road,1310.31,3,10000,0.181,0.12,0.18,0.03,False,54.31
R0130,S065,F010,Road,877.46,2,10000,0.1377,0.12,0.18,0.03,False,41.32
R0131,S066,F002,Road,145.86,1,10000,0.0646,0.12,0.18,0.03,False,19.38
R0132,S066,F016,Road,4.6,1,10000,0.0505,0.12,0.18,0.03,False,15.14
R0133,S067,F004,Road,1635.24,3,10000,0.2135,0.12,0.18,0.03,False,64.06
R0134,S067,F003,Road,1564.94,3,10000,0.2065,0.12,0.18,0.03,False,61.95
R0135,S068,F005,Road,1055.27,2,10000,0.1555,0.12,0.18,0.03,False,46.66
R0136,S068,F012,Road,530.25,1,10000,0.103,0.12,0.18,0.03,False,30.91
R0137,S069,F013,Road,277.62,1,10000,0.0778,0.12,0.18,0.03,False,23.33
R0138,S069,F004,Road,1931.17,4,10000,0.2431,0.12,0.18,0.03,False,72.94
R0139,S070,F005,Road,867.91,2,10000,0.1368,0.12,0.18,0.03,False,41.04
R0140,S070,F015,Road,868.7,2,10000,0.1369,0.12,0.18,0.03,False,41.06
R0141,S071,F020,Road,277.88,1,10000,0.0778,0.12,0.18,0.03,False,23.34
R0142,S071,F017,Road,1867.21,4,10000,0.2367,0.12,0.18,0.03,False,71.02
R0143,S072,F006,Road,143.35,1,10000,0.0643,0.12,0.18,0.03,False,19.3
R0144,S072,F001,Road,1015.52,2,10000,0.1516,0.12,0.18,0.03,False,45.47
R0145,S073,F015,Road,1508.92,3,10000,0.2009,0.12,0.18,0.03,False,60.27
R0146,S073,F013,Road,5.33,1,10000,0.0505,0.12,0.18,0.03,False,15.16
R0147,S074,F012,Road,1240.29,3,10000,0.174,0.12,0.18,0.03,False,52.21
R0148,S074,F019,Road,1925.68,4,10000,0.2426,0.12,0.18,0.03,False,72.77
R0149,S075,F016,Road,609.37,2,10000,0.1109,0.12,0.18,0.03,False,33.28
R0150,S075,F003,Road,1501.13,3,10000,0.2001,0.12,0.18,0.03,False,60.03
R0151,S076,F013,Road,1402.16,3,10000,0.1902,0.12,0.18,0.03,False,57.06
R0152,S076,F010,Road,1080.26,2,10000,0.158,0.12,0.18,0.03,False,47.41
R0153,S077,F019,Road,1630.37,3,10000,0.213,0.12,0.18,0.03,False,63.91
R0154,S077,F020,Road,2123.46,4,10000,0.2623,0.12,0.18,0.03,False,78.7
R0155,S078,F008,Road,6.35,1,10000,0.0506,0.12,0.18,0.03,False,15.19
R0156,S078,F018,Road,5.44,1,10000,0.0505,0.12,0.18,0.03,False,15.16
R0157,S079,F018,Road,654.21,2,10000,0.1154,0.12,0.18,0.03,False,34.63
R0158,S079,F002,Road,1109.89,3,10000,0.161,0.12,0.18,0.03,False,48.3
R0159,S080,F001,Road,267.06,1,10000,0.0767,0.12,0.18,0.03,False,23.01
R0160,S080,F015,Road,867.91,2,10000,0.1368,0.12,0.18,0.03,False,41.04
R0161,S081,F012,Road,1013.35,2,10000,0.1513,0.12,0.18,0.03,False,45.4
R0162,S081,F020,Road,278.72,1,10000,0.0779,0.12,0.18,0.03,False,23.36
R0163,S082,F011,Road,1015.51,2,10000,0.1516,0.12,0.18,0.03,False,45.47
R0164,S082,F003,Road,1369.86,3,10000,0.187,0.12,0.18,0.03,False,56.1
R0165,S083,F009,Road,289.15,1,10000,0.0789,0.12,0.18,0.03,False,23.67
R0166,S083,F001,Road,2092.67,4,10000,0.2593,0.12,0.18,0.03,False,77.78
R0167,S084,F007,Road,1622.39,3,10000,0.2122,0.12,0.18,0.03,False,63.67
R0168,S084,F005,Road,616.03,2,10000,0.1116,0.12,0.18,0.03,False,33.48
R0169,S085,F018,Road,1054.79,2,10000,0.1555,0.12,0.18,0.03,False,46.64
R0170,S085,F007,Road,1409.86,3,10000,0.191,0.12,0.18,0.03,False,57.3
R0171,S086,F016,Road,6.44,1,10000,0.0506,0.12,0.18,0.03,False,15.19
R0172,S086,F011,Road,883.33,2,10000,0.1383,0.12,0.18,0.03,False,41.5
R0173,S087,F019,Road,1630.68,3,10000,0.2131,0.12,0.18,0.03,False,63.92
R0174,S087,F003,Road,1565.24,3,10000,0.2065,0.12,0.18,0.03,False,61.96
R0175,S088,F009,Road,641.67,2,10000,0.1142,0.12,0.18,0.03,False,34.25
R0176,S088,F003,Road,923.68,2,10000,0.1424,0.12,0.18,0.03,False,42.71
R0177,S089,F002,Road,1110.72,3,10000,0.1611,0.12,0.18,0.03,False,48.32
R0178,S089,F001,Road,1878.33,4,10000,0.2378,0.12,0.18,0.03,False,71.35
R0179,S090,F017,Road,2111.48,4,10000,0.2611,0.12,0.18,0.03,False,78.34
R0180,S090,F015,Road,867.11,2,10000,0.1367,0.12,0.18,0.03,False,41.01
R0181,S091,F007,Road,1864.44,4,10000,0.2364,0.12,0.18,0.03,False,70.93
R0182,S091,F006,Road,879.96,2,10000,0.138,0.12,0.18,0.03,False,41.4
R0183,S092,F001,Road,1015.84,2,10000,0.1516,0.12,0.18,0.03,False,45.48
R0184,S092,F012,Road,7.34,1,10000,0.0507,0.12,0.18,0.03,False,15.22
R0185,S093,F006,Road,1414.39,3,10000,0.1914,0.12,0.18,0.03,False,57.43
R0186,S093,F018,Road,937.96,2,10000,0.1438,0.12,0.18,0.03,False,43.14
R0187,S094,F020,Road,519.19,1,10000,0.1019,0.12,0.18,0.03,False,30.58
R0188,S094,F011,Road,354.13,1,10000,0.0854,0.12,0.18,0.03,False,25.62
R0189,S095,F008,Road,1054.73,2,10000,0.1555,0.12,0.18,0.03,False,46.64
R0190,S095,F007,Road,1408.98,3,10000,0.1909,0.12,0.18,0.03,False,57.27
R0191,S096,F008,Road,617.32,2,10000,0.1117,0.12,0.18,0.03,False,33.52
R0192,S096,F011,Road,883.55,2,10000,0.1384,0.12,0.18,0.03,False,41.51
R0193,S097,F020,Road,2125.28,4,10000,0.2625,0.12,0.18,0.03,False,78.76
R0194,S097,F008,Road,1947.38,4,10000,0.2447,0.12,0.18,0.03,False,73.42
R0195,S098,F006,Road,626.01,2,10000,0.1126,0.12,0.18,0.03,False,33.78
R0196,S098,F015,Road,1055.32,2,10000,0.1555,0.12,0.18,0.03,False,46.66
R0197,S099,F012,Road,1110.72,3,10000,0.1611,0.12,0.18,0.03,False,48.32
R0198,S099,F015,Road,1317.15,3,10000,0.1817,0.12,0.18,0.03,False,54.51
R0199,S100,F010,Road,8.41,1,10000,0.0508,0.12,0.18,0.03,False,15.25
R0200,S100,F008,Road,1692.13,4,10000,0.2192,0.12,0.18,0.03,False,65.76
R0201,F001,W001,Road,1.2,1,10000,0.0501,0.12,0.18,0.03,False,15.04
R0202,F001,W002,Road,1014.45,2,10000,0.1514,0.12,0.18,0.03,False,45.43
R0203,F001,W003,Road,2087.44,4,10000,0.2587,0.12,0.18,0.03,False,77.62
R0204,F001,W004,Road,348.71,1,10000,0.0849,0.12,0.18,0.03,False,25.46
R0205,F001,W005,Road,601.05,2,10000,0.1101,0.12,0.18,0.03,False,33.03
R0206,F001,W006,Road,881.86,2,10000,0.1382,0.12,0.18,0.03,False,41.46
R0207,F001,W007,Road,1872.82,4,10000,0.2373,0.12,0.18,0.03,False,71.18
R0208,F001,W008,Road,1484.17,3,10000,0.1984,0.12,0.18,0.03,False,59.53
R0209,F001,W009,Road,1873.63,4,10000,0.2374,0.12,0.18,0.03,False,71.21
R0210,F001,W010,Road,272.88,1,10000,0.0773,0.12,0.18,0.03,False,23.19
R0211,F001,W011,Road,1.2,1,10000,0.0501,0.12,0.18,0.03,False,15.04
R0212,F001,W012,Road,1014.6,2,10000,0.1515,0.12,0.18,0.03,False,45.44
R0213,F001,W013,Road,2088.09,4,10000,0.2588,0.12,0.18,0.03,False,77.64
R0214,F001,W014,Road,349.38,1,10000,0.0849,0.12,0.18,0.03,False,25.48
R0215,F001,W015,Road,601.83,2,10000,0.1102,0.12,0.18,0.03,False,33.05
R0216,F001,W016,Road,882.07,2,10000,0.1382,0.12,0.18,0.03,False,41.46
R0217,F001,W017,Road,1873.72,4,10000,0.2374,0.12,0.18,0.03,False,71.21
R0218,F001,W018,Road,1484.5,3,10000,0.1985,0.12,0.18,0.03,False,59.54
R0219,F001,W019,Road,1874.21,4,10000,0.2374,0.12,0.18,0.03,False,71.23
R0220,F001,W020,Road,272.05,1,10000,0.0772,0.12,0.18,0.03,False,23.16
R0221,F001,W021,Road,1.86,1,10000,0.0502,0.12,0.18,0.03,False,15.06
R0222,F001,W022,Road,1014.75,2,10000,0.1515,0.12,0.18,0.03,False,45.44
R0223,F001,W023,Road,2088.75,4,10000,0.2589,0.12,0.18,0.03,False,77.66
R0224,F001,W024,Road,350.06,1,10000,0.085,0.12,0.18,0.03,False,25.5
R0225,F001,W025,Road,602.61,2,10000,0.1103,0.12,0.18,0.03,False,33.08
R0226,F001,W026,Road,882.28,2,10000,0.1382,0.12,0.18,0.03,False,41.47
R0227,F001,W027,Road,1874.63,4,10000,0.2375,0.12,0.18,0.03,False,71.24
R0228,F001,W028,Road,1484.83,3,10000,0.1985,0.12,0.18,0.03,False,59.54
R0229,F001,W029,Road,1874.8,4,10000,0.2375,0.12,0.18,0.03,False,71.24
R0230,F001,W030,Road,271.21,1,10000,0.0771,0.12,0.18,0.03,False,23.14
R0231,F002,W001,Road,1014.45,2,10000,0.1514,0.12,0.18,0.03,False,45.43
R0232,F002,W002,Road,1.2,1,10000,0.0501,0.12,0.18,0.03,False,15.04
R0233,F002,W003,Road,1376.68,3,10000,0.1877,0.12,0.18,0.03,False,56.3
R0234,F002,W004,Road,1240.0,3,10000,0.174,0.12,0.18,0.03,False,52.2
R0235,F002,W005,Road,745.82,2,10000,0.1246,0.12,0.18,0.03,False,37.37
R0236,F002,W006,Road,144.59,1,10000,0.0645,0.12,0.18,0.03,False,19.34
R0237,F002,W007,Road,1984.84,4,10000,0.2485,0.12,0.18,0.03,False,74.55
R0238,F002,W008,Road,527.14,1,10000,0.1027,0.12,0.18,0.03,False,30.81
R0239,F002,W009,Road,1104.1,3,10000,0.1604,0.12,0.18,0.03,False,48.12
R0240,F002,W010,Road,1196.87,3,10000,0.1697,0.12,0.18,0.03,False,50.91
R0241,F002,W011,Road,1014.29,2,10000,0.1514,0.12,0.18,0.03,False,45.43
R0242,F002,W012,Road,1.2,1,10000,0.0501,0.12,0.18,0.03,False,15.04
R0243,F002,W013,Road,1377.53,3,10000,0.1878,0.12,0.18,0.03,False,56.33
R0244,F002,W014,Road,1240.05,3,10000,0.174,0.12,0.18,0.03,False,52.2
R0245,F002,W015,Road,746.21,2,10000,0.1246,0.12,0.18,0.03,False,37.39
R0246,F002,W016,Road,144.79,1,10000,0.0645,0.12,0.18,0.03,False,19.34
R0247,F002,W017,Road,1985.57,4,10000,0.2486,0.12,0.18,0.03,False,74.57
R0248,F002,W018,Road,527.76,1,10000,0.1028,0.12,0.18,0.03,False,30.83
R0249,F002,W019,Road,1104.93,3,10000,0.1605,0.12,0.18,0.03,False,48.15
R0250,F002,W020,Road,1196.55,3,10000,0.1697,0.12,0.18,0.03,False,50.9
R0251,F002,W021,Road,1014.14,2,10000,0.1514,0.12,0.18,0.03,False,45.42
R0252,F002,W022,Road,1.84,1,10000,0.0502,0.12,0.18,0.03,False,15.06
R0253,F002,W023,Road,1378.37,3,10000,0.1878,0.12,0.18,0.03,False,56.35
R0254,F002,W024,Road,1240.1,3,10000,0.174,0.12,0.18,0.03,False,52.2
R0255,F002,W025,Road,746.61,2,10000,0.1247,0.12,0.18,0.03,False,37.4
R0256,F002,W026,Road,144.99,1,10000,0.0645,0.12,0.18,0.03,False,19.35
R0257,F002,W027,Road,1986.3,4,10000,0.2486,0.12,0.18,0.03,False,74.59
R0258,F002,W028,Road,528.39,1,10000,0.1028,0.12,0.18,0.03,False,30.85
R0259,F002,W029,Road,1105.75,3,10000,0.1606,0.12,0.18,0.03,False,48.17
R0260,F002,W030,Road,1196.23,3,10000,0.1696,0.12,0.18,0.03,False,50.89
R0261,F003,W001,Road,2087.44,4,10000,0.2587,0.12,0.18,0.03,False,77.62
R0262,F003,W002,Road,1376.68,3,10000,0.1877,0.12,0.18,0.03,False,56.3
R0263,F003,W003,Road,1.2,1,10000,0.0501,0.12,0.18,0.03,False,15.04
R0264,F003,W004,Road,2106.76,4,10000,0.2607,0.12,0.18,0.03,False,78.2
R0265,F003,W005,Road,1505.32,3,10000,0.2005,0.12,0.18,0.03,False,60.16
R0266,F003,W006,Road,1407.07,3,10000,0.1907,0.12,0.18,0.03,False,57.21
R0267,F003,W007,Road,1564.04,3,10000,0.2064,0.12,0.18,0.03,False,61.92
R0268,F003,W008,Road,930.88,2,10000,0.1431,0.12,0.18,0.03,False,42.93
R0269,F003,W009,Road,282.07,1,10000,0.0782,0.12,0.18,0.03,False,23.46
R0270,F003,W010,Road,2347.31,5,10000,0.2847,0.12,0.18,0.03,False,85.42
R0271,F003,W011,Road,2086.79,4,10000,0.2587,0.12,0.18,0.03,False,77.6
R0272,F003,W012,Road,1375.83,3,10000,0.1876,0.12,0.18,0.03,False,56.27
R0273,F003,W013,Road,1.2,1,10000,0.0501,0.12,0.18,0.03,False,15.04
R0274,F003,W014,Road,2106.22,4,10000,0.2606,0.12,0.18,0.03,False,78.19
R0275,F003,W015,Road,1504.72,3,10000,0.2005,0.12,0.18,0.03,False,60.14
R0276,F003,W016,Road,1406.25,3,10000,0.1906,0.12,0.18,0.03,False,57.19
R0277,F003,W017,Road,1564.19,3,10000,0.2064,0.12,0.18,0.03,False,61.93
R0278,F003,W018,Road,929.98,2,10000,0.143,0.12,0.18,0.03,False,42.9
R0279,F003,W019,Road,281.18,1,10000,0.0781,0.12,0.18,0.03,False,23.44
R0280,F003,W020,Road,2346.63,5,10000,0.2847,0.12,0.18,0.03,False,85.4
R0281,F003,W021,Road,2086.13,4,10000,0.2586,0.12,0.18,0.03,False,77.58
R0282,F003,W022,Road,1374.97,3,10000,0.1875,0.12,0.18,0.03,False,56.25
R0283,F003,W023,Road,1.78,1,10000,0.0502,0.12,0.18,0.03,False,15.05
R0284,F003,W024,Road,2105.67,4,10000,0.2606,0.12,0.18,0.03,False,78.17
R0285,F003,W025,Road,1504.12,3,10000,0.2004,0.12,0.18,0.03,False,60.12
R0286,F003,W026,Road,1405.43,3,10000,0.1905,0.12,0.18,0.03,False,57.16
R0287,F003,W027,Road,1564.34,3,10000,0.2064,0.12,0.18,0.03,False,61.93
R0288,F003,W028,Road,929.08,2,10000,0.1429,0.12,0.18,0.03,False,42.87
R0289,F003,W029,Road,280.29,1,10000,0.078,0.12,0.18,0.03,False,23.41
R0290,F003,W030,Road,2345.96,5,10000,0.2846,0.12,0.18,0.03,False,85.38
R0291,F004,W001,Road,348.71,1,10000,0.0849,0.12,0.18,0.03,False,25.46
R0292,F004,W002,Road,1240.0,3,10000,0.174,0.12,0.18,0.03,False,52.2
R0293,F004,W003,Road,2106.76,4,10000,0.2607,0.12,0.18,0.03,False,78.2
R0294,F004,W004,Road,1.2,1,10000,0.0501,0.12,0.18,0.03,False,15.04
R0295,F004,W005,Road,619.05,2,10000,0.1119,0.12,0.18,0.03,False,33.57
R0296,F004,W006,Road,1097.06,2,10000,0.1597,0.12,0.18,0.03,False,47.91
R0297,F004,W007,Road,1629.8,3,10000,0.213,0.12,0.18,0.03,False,63.89
R0298,F004,W008,Road,1646.25,3,10000,0.2146,0.12,0.18,0.03,False,64.39
R0299,F004,W009,Road,1928.44,4,10000,0.2428,0.12,0.18,0.03,False,72.85
R0300,F004,W010,Road,511.96,1,10000,0.1012,0.12,0.18,0.03,False,30.36
R0301,F004,W011,Road,348.03,1,10000,0.0848,0.12,0.18,0.03,False,25.44
R0302,F004,W012,Road,1239.93,3,10000,0.174,0.12,0.18,0.03,False,52.2
R0303,F004,W013,Road,2107.31,4,10000,0.2607,0.12,0.18,0.03,False,78.22
R0304,F004,W014,Road,1.2,1,10000,0.0501,0.12,0.18,0.03,False,15.04
R0305,F004,W015,Road,619.43,2,10000,0.1119,0.12,0.18,0.03,False,33.58
R0306,F004,W016,Road,1097.01,2,10000,0.1597,0.12,0.18,0.03,False,47.91
R0307,F004,W017,Road,1630.7,3,10000,0.2131,0.12,0.18,0.03,False,63.92
R0308,F004,W018,Road,1646.41,3,10000,0.2146,0.12,0.18,0.03,False,64.39
R0309,F004,W019,Road,1928.89,4,10000,0.2429,0.12,0.18,0.03,False,72.87
R0310,F004,W020,Road,511.04,1,10000,0.1011,0.12,0.18,0.03,False,30.33
R0311,F004,W021,Road,347.35,1,10000,0.0847,0.12,0.18,0.03,False,25.42
R0312,F004,W022,Road,1239.86,3,10000,0.174,0.12,0.18,0.03,False,52.2
R0313,F004,W023,Road,2107.85,4,10000,0.2608,0.12,0.18,0.03,False,78.24
R0314,F004,W024,Road,1.86,1,10000,0.0502,0.12,0.18,0.03,False,15.06
R0315,F004,W025,Road,619.82,2,10000,0.112,0.12,0.18,0.03,False,33.59
R0316,F004,W026,Road,1096.97,2,10000,0.1597,0.12,0.18,0.03,False,47.91
R0317,F004,W027,Road,1631.61,3,10000,0.2132,0.12,0.18,0.03,False,63.95
R0318,F004,W028,Road,1646.56,3,10000,0.2147,0.12,0.18,0.03,False,64.4
R0319,F004,W029,Road,1929.35,4,10000,0.2429,0.12,0.18,0.03,False,72.88
R0320,F004,W030,Road,510.13,1,10000,0.101,0.12,0.18,0.03,False,30.3
R0321,F005,W001,Road,601.05,2,10000,0.1101,0.12,0.18,0.03,False,33.03
R0322,F005,W002,Road,745.82,2,10000,0.1246,0.12,0.18,0.03,False,37.37
R0323,F005,W003,Road,1505.32,3,10000,0.2005,0.12,0.18,0.03,False,60.16
R0324,F005,W004,Road,619.05,2,10000,0.1119,0.12,0.18,0.03,False,33.57
R0325,F005,W005,Road,1.2,1,10000,0.0501,0.12,0.18,0.03,False,15.04
R0326,F005,W006,Road,606.72,2,10000,0.1107,0.12,0.18,0.03,False,33.2
R0327,F005,W007,Road,1416.97,3,10000,0.1917,0.12,0.18,0.03,False,57.51
R0328,F005,W008,Road,1055.09,2,10000,0.1555,0.12,0.18,0.03,False,46.65
R0329,F005,W009,Road,1313.24,3,10000,0.1813,0.12,0.18,0.03,False,54.4
R0330,F005,W010,Road,872.68,2,10000,0.1373,0.12,0.18,0.03,False,41.18
R0331,F005,W011,Road,600.27,2,10000,0.11,0.12,0.18,0.03,False,33.01
R0332,F005,W012,Road,745.41,2,10000,0.1245,0.12,0.18,0.03,False,37.36
R0333,F005,W013,Road,1505.92,3,10000,0.2006,0.12,0.18,0.03,False,60.18
R0334,F005,W014,Road,618.67,2,10000,0.1119,0.12,0.18,0.03,False,33.56
R0335,F005,W015,Road,1.2,1,10000,0.0501,0.12,0.18,0.03,False,15.04
R0336,F005,W016,Road,606.26,2,10000,0.1106,0.12,0.18,0.03,False,33.19
R0337,F005,W017,Road,1417.82,3,10000,0.1918,0.12,0.18,0.03,False,57.53
R0338,F005,W018,Road,1055.12,2,10000,0.1555,0.12,0.18,0.03,False,46.65
R0339,F005,W019,Road,1313.73,3,10000,0.1814,0.12,0.18,0.03,False,54.41
R0340,F005,W020,Road,871.89,2,10000,0.1372,0.12,0.18,0.03,False,41.16
R0341,F005,W021,Road,599.49,2,10000,0.1099,0.12,0.18,0.03,False,32.98
R0342,F005,W022,Road,745.0,2,10000,0.1245,0.12,0.18,0.03,False,37.35
R0343,F005,W023,Road,1506.52,3,10000,0.2007,0.12,0.18,0.03,False,60.2
R0344,F005,W024,Road,618.29,2,10000,0.1118,0.12,0.18,0.03,False,33.55
R0345,F005,W025,Road,1.84,1,10000,0.0502,0.12,0.18,0.03,False,15.06
R0346,F005,W026,Road,605.81,2,10000,0.1106,0.12,0.18,0.03,False,33.17
R0347,F005,W027,Road,1418.68,3,10000,0.1919,0.12,0.18,0.03,False,57.56
R0348,F005,W028,Road,1055.15,2,10000,0.1555,0.12,0.18,0.03,False,46.65
R0349,F005,W029,Road,1314.21,3,10000,0.1814,0.12,0.18,0.03,False,54.43
R0350,F005,W030,Road,871.09,2,10000,0.1371,0.12,0.18,0.03,False,41.13
R0351,F006,W001,Road,881.86,2,10000,0.1382,0.12,0.18,0.03,False,41.46
R0352,F006,W002,Road,144.59,1,10000,0.0645,0.12,0.18,0.03,False,19.34
R0353,F006,W003,Road,1407.07,3,10000,0.1907,0.12,0.18,0.03,False,57.21
R0354,F006,W004,Road,1097.06,2,10000,0.1597,0.12,0.18,0.03,False,47.91
R0355,F006,W005,Road,606.72,2,10000,0.1107,0.12,0.18,0.03,False,33.2
R0356,F006,W006,Road,1.2,1,10000,0.0501,0.12,0.18,0.03,False,15.04
R0357,F006,W007,Road,1889.52,4,10000,0.239,0.12,0.18,0.03,False,71.69
R0358,F006,W008,Road,621.63,2,10000,0.1122,0.12,0.18,0.03,False,33.65
R0359,F006,W009,Road,1144.37,3,10000,0.1644,0.12,0.18,0.03,False,49.33
R0360,F006,W010,Road,1077.6,2,10000,0.1578,0.12,0.18,0.03,False,47.33
R0361,F006,W011,Road,881.64,2,10000,0.1382,0.12,0.18,0.03,False,41.45
R0362,F006,W012,Road,144.4,1,10000,0.0644,0.12,0.18,0.03,False,19.33
R0363,F006,W013,Road,1407.88,3,10000,0.1908,0.12,0.18,0.03,False,57.24
R0364,F006,W014,Road,1097.09,2,10000,0.1597,0.12,0.18,0.03,False,47.91
R0365,F006,W015,Road,607.16,2,10000,0.1107,0.12,0.18,0.03,False,33.21
R0366,F006,W016,Road,1.2,1,10000,0.0501,0.12,0.18,0.03,False,15.04
R0367,F006,W017,Road,1890.28,4,10000,0.239,0.12,0.18,0.03,False,71.71
R0368,F006,W018,Road,622.12,2,10000,0.1122,0.12,0.18,0.03,False,33.66
R0369,F006,W019,Road,1145.15,3,10000,0.1645,0.12,0.18,0.03,False,49.35
R0370,F006,W020,Road,1077.21,2,10000,0.1577,0.12,0.18,0.03,False,47.32
R0371,F006,W021,Road,881.43,2,10000,0.1381,0.12,0.18,0.03,False,41.44
R0372,F006,W022,Road,144.21,1,10000,0.0644,0.12,0.18,0.03,False,19.33
R0373,F006,W023,Road,1408.69,3,10000,0.1909,0.12,0.18,0.03,False,57.26
R0374,F006,W024,Road,1097.13,2,10000,0.1597,0.12,0.18,0.03,False,47.91
R0375,F006,W025,Road,607.6,2,10000,0.1108,0.12,0.18,0.03,False,33.23
R0376,F006,W026,Road,1.84,1,10000,0.0502,0.12,0.18,0.03,False,15.06
R0377,F006,W027,Road,1891.04,4,10000,0.2391,0.12,0.18,0.03,False,71.73
R0378,F006,W028,Road,622.6,2,10000,0.1123,0.12,0.18,0.03,False,33.68
R0379,F006,W029,Road,1145.93,3,10000,0.1646,0.12,0.18,0.03,False,49.38
R0380,F006,W030,Road,1076.83,2,10000,0.1577,0.12,0.18,0.03,False,47.3
R0381,F007,W001,Road,1872.82,4,10000,0.2373,0.12,0.18,0.03,False,71.18
R0382,F007,W002,Road,1984.84,4,10000,0.2485,0.12,0.18,0.03,False,74.55
R0383,F007,W003,Road,1564.04,3,10000,0.2064,0.12,0.18,0.03,False,61.92
R0384,F007,W004,Road,1629.8,3,10000,0.213,0.12,0.18,0.03,False,63.89
R0385,F007,W005,Road,1416.97,3,10000,0.1917,0.12,0.18,0.03,False,57.51
R0386,F007,W006,Road,1889.52,4,10000,0.239,0.12,0.18,0.03,False,71.69
R0387,F007,W007,Road,1.2,1,10000,0.0501,0.12,0.18,0.03,False,15.04
R0388,F007,W008,Road,1942.36,4,10000,0.2442,0.12,0.18,0.03,False,73.27
R0389,F007,W009,Road,1628.62,3,10000,0.2129,0.12,0.18,0.03,False,63.86
R0390,F007,W010,Road,2118.05,4,10000,0.2618,0.12,0.18,0.03,False,78.54
R0391,F007,W011,Road,1871.89,4,10000,0.2372,0.12,0.18,0.03,False,71.16
R0392,F007,W012,Road,1984.05,4,10000,0.2484,0.12,0.18,0.03,False,74.52
R0393,F007,W013,Road,1563.84,3,10000,0.2064,0.12,0.18,0.03,False,61.92
R0394,F007,W014,Road,1628.87,3,10000,0.2129,0.12,0.18,0.03,False,63.87
R0395,F007,W015,Road,1416.08,3,10000,0.1916,0.12,0.18,0.03,False,57.48
R0396,F007,W016,Road,1888.71,4,10000,0.2389,0.12,0.18,0.03,False,71.66
R0397,F007,W017,Road,1.2,1,10000,0.0501,0.12,0.18,0.03,False,15.04
R0398,F007,W018,Road,1941.73,4,10000,0.2442,0.12,0.18,0.03,False,73.25
R0399,F007,W019,Road,1628.26,3,10000,0.2128,0.12,0.18,0.03,False,63.85
R0400,F007,W020,Road,2117.11,4,10000,0.2617,0.12,0.18,0.03,False,78.51
R0401,F007,W021,Road,1870.96,4,10000,0.2371,0.12,0.18,0.03,False,71.13
R0402,F007,W022,Road,1983.26,4,10000,0.2483,0.12,0.18,0.03,False,74.5
R0403,F007,W023,Road,1563.65,3,10000,0.2064,0.12,0.18,0.03,False,61.91
R0404,F007,W024,Road,1627.95,3,10000,0.2128,0.12,0.18,0.03,False,63.84
R0405,F007,W025,Road,1415.19,3,10000,0.1915,0.12,0.18,0.03,False,57.46
R0406,F007,W026,Road,1887.89,4,10000,0.2388,0.12,0.18,0.03,False,71.64
R0407,F007,W027,Road,1.82,1,10000,0.0502,0.12,0.18,0.03,False,15.05
R0408,F007,W028,Road,1941.1,4,10000,0.2441,0.12,0.18,0.03,False,73.23
R0409,F007,W029,Road,1627.91,3,10000,0.2128,0.12,0.18,0.03,False,63.84
R0410,F007,W030,Road,2116.18,4,10000,0.2616,0.12,0.18,0.03,False,78.49
R0411,F008,W001,Road,1484.17,3,10000,0.1984,0.12,0.18,0.03,False,59.53
R0412,F008,W002,Road,527.14,1,10000,0.1027,0.12,0.18,0.03,False,30.81
R0413,F008,W003,Road,930.88,2,10000,0.1431,0.12,0.18,0.03,False,42.93
R0414,F008,W004,Road,1646.25,3,10000,0.2146,0.12,0.18,0.03,False,64.39
R0415,F008,W005,Road,1055.09,2,10000,0.1555,0.12,0.18,0.03,False,46.65
R0416,F008,W006,Road,621.63,2,10000,0.1122,0.12,0.18,0.03,False,33.65
R0417,F008,W007,Road,1942.36,4,10000,0.2442,0.12,0.18,0.03,False,73.27
R0418,F008,W008,Road,1.2,1,10000,0.0501,0.12,0.18,0.03,False,15.04
R0419,F008,W009,Road,648.87,2,10000,0.1149,0.12,0.18,0.03,False,34.47
R0420,F008,W010,Road,1695.91,4,10000,0.2196,0.12,0.18,0.03,False,65.88
R0421,F008,W011,Road,1483.84,3,10000,0.1984,0.12,0.18,0.03,False,59.52
R0422,F008,W012,Road,526.52,1,10000,0.1027,0.12,0.18,0.03,False,30.8
R0423,F008,W013,Road,931.77,2,10000,0.1432,0.12,0.18,0.03,False,42.95
R0424,F008,W014,Road,1646.08,3,10000,0.2146,0.12,0.18,0.03,False,64.38
R0425,F008,W015,Road,1055.05,2,10000,0.1555,0.12,0.18,0.03,False,46.65
R0426,F008,W016,Road,621.15,2,10000,0.1121,0.12,0.18,0.03,False,33.63
R0427,F008,W017,Road,1942.91,4,10000,0.2443,0.12,0.18,0.03,False,73.29
R0428,F008,W018,Road,1.2,1,10000,0.0501,0.12,0.18,0.03,False,15.04
R0429,F008,W019,Road,649.77,2,10000,0.115,0.12,0.18,0.03,False,34.49
R0430,F008,W020,Road,1695.49,4,10000,0.2195,0.12,0.18,0.03,False,65.86
R0431,F008,W021,Road,1483.51,3,10000,0.1984,0.12,0.18,0.03,False,59.51
R0432,F008,W022,Road,525.91,1,10000,0.1026,0.12,0.18,0.03,False,30.78
R0433,F008,W023,Road,932.66,2,10000,0.1433,0.12,0.18,0.03,False,42.98
R0434,F008,W024,Road,1645.91,3,10000,0.2146,0.12,0.18,0.03,False,64.38
R0435,F008,W025,Road,1055.01,2,10000,0.1555,0.12,0.18,0.03,False,46.65
R0436,F008,W026,Road,620.67,2,10000,0.1121,0.12,0.18,0.03,False,33.62
R0437,F008,W027,Road,1943.47,4,10000,0.2443,0.12,0.18,0.03,False,73.3
R0438,F008,W028,Road,1.81,1,10000,0.0502,0.12,0.18,0.03,False,15.05
R0439,F008,W029,Road,650.66,2,10000,0.1151,0.12,0.18,0.03,False,34.52
R0440,F008,W030,Road,1695.07,4,10000,0.2195,0.12,0.18,0.03,False,65.85
R0441,F009,W001,Road,1873.63,4,10000,0.2374,0.12,0.18,0.03,False,71.21
R0442,F009,W002,Road,1104.1,3,10000,0.1604,0.12,0.18,0.03,False,48.12
R0443,F009,W003,Road,282.07,1,10000,0.0782,0.12,0.18,0.03,False,23.46
R0444,F009,W004,Road,1928.44,4,10000,0.2428,0.12,0.18,0.03,False,72.85
R0445,F009,W005,Road,1313.24,3,10000,0.1813,0.12,0.18,0.03,False,54.4
R0446,F009,W006,Road,1144.37,3,10000,0.1644,0.12,0.18,0.03,False,49.33
R0447,F009,W007,Road,1628.62,3,10000,0.2129,0.12,0.18,0.03,False,63.86
R0448,F009,W008,Road,648.87,2,10000,0.1149,0.12,0.18,0.03,False,34.47
R0449,F009,W009,Road,1.2,1,10000,0.0501,0.12,0.18,0.03,False,15.04
R0450,F009,W010,Road,2125.35,4,10000,0.2625,0.12,0.18,0.03,False,78.76
R0451,F009,W011,Road,1873.04,4,10000,0.2373,0.12,0.18,0.03,False,71.19
R0452,F009,W012,Road,1103.27,3,10000,0.1603,0.12,0.18,0.03,False,48.1
R0453,F009,W013,Road,282.96,1,10000,0.0783,0.12,0.18,0.03,False,23.49
R0454,F009,W014,Road,1927.98,4,10000,0.2428,0.12,0.18,0.03,False,72.84
R0455,F009,W015,Road,1312.75,3,10000,0.1813,0.12,0.18,0.03,False,54.38
R0456,F009,W016,Road,1143.59,3,10000,0.1644,0.12,0.18,0.03,False,49.31
R0457,F009,W017,Road,1628.92,3,10000,0.2129,0.12,0.18,0.03,False,63.87
R0458,F009,W018,Road,647.97,2,10000,0.1148,0.12,0.18,0.03,False,34.44
R0459,F009,W019,Road,1.2,1,10000,0.0501,0.12,0.18,0.03,False,15.04
R0460,F009,W020,Road,2124.73,4,10000,0.2625,0.12,0.18,0.03,False,78.74
R0461,F009,W021,Road,1872.45,4,10000,0.2372,0.12,0.18,0.03,False,71.17
R0462,F009,W022,Road,1102.44,3,10000,0.1602,0.12,0.18,0.03,False,48.07
R0463,F009,W023,Road,283.84,1,10000,0.0784,0.12,0.18,0.03,False,23.52
R0464,F009,W024,Road,1927.52,4,10000,0.2428,0.12,0.18,0.03,False,72.83
R0465,F009,W025,Road,1312.26,3,10000,0.1812,0.12,0.18,0.03,False,54.37
R0466,F009,W026,Road,1142.81,3,10000,0.1643,0.12,0.18,0.03,False,49.28
R0467,F009,W027,Road,1629.22,3,10000,0.2129,0.12,0.18,0.03,False,63.88
R0468,F009,W028,Road,647.07,2,10000,0.1147,0.12,0.18,0.03,False,34.41
R0469,F009,W029,Road,1.79,1,10000,0.0502,0.12,0.18,0.03,False,15.05
R0470,F009,W030,Road,2124.11,4,10000,0.2624,0.12,0.18,0.03,False,78.72
R0471,F010,W001,Road,272.88,1,10000,0.0773,0.12,0.18,0.03,False,23.19
R0472,F010,W002,Road,1196.87,3,10000,0.1697,0.12,0.18,0.03,False,50.91
R0473,F010,W003,Road,2347.31,5,10000,0.2847,0.12,0.18,0.03,False,85.42
R0474,F010,W004,Road,511.96,1,10000,0.1012,0.12,0.18,0.03,False,30.36
R0475,F010,W005,Road,872.68,2,10000,0.1373,0.12,0.18,0.03,False,41.18
R0476,F010,W006,Road,1077.6,2,10000,0.1578,0.12,0.18,0.03,False,47.33
R0477,F010,W007,Road,2118.05,4,10000,0.2618,0.12,0.18,0.03,False,78.54
R0478,F010,W008,Road,1695.91,4,10000,0.2196,0.12,0.18,0.03,False,65.88
R0479,F010,W009,Road,2125.35,4,10000,0.2625,0.12,0.18,0.03,False,78.76
R0480,F010,W010,Road,1.2,1,10000,0.0501,0.12,0.18,0.03,False,15.04
R0481,F010,W011,Road,273.71,1,10000,0.0774,0.12,0.18,0.03,False,23.21
R0482,F010,W012,Road,1197.18,3,10000,0.1697,0.12,0.18,0.03,False,50.92
R0483,F010,W013,Road,2347.99,5,10000,0.2848,0.12,0.18,0.03,False,85.44
R0484,F010,W014,Road,512.86,1,10000,0.1013,0.12,0.18,0.03,False,30.39
R0485,F010,W015,Road,873.48,2,10000,0.1373,0.12,0.18,0.03,False,41.2
R0486,F010,W016,Road,1077.97,2,10000,0.1578,0.12,0.18,0.03,False,47.34
R0487,F010,W017,Road,2118.96,4,10000,0.2619,0.12,0.18,0.03,False,78.57
R0488,F010,W018,Road,1696.33,4,10000,0.2196,0.12,0.18,0.03,False,65.89
R0489,F010,W019,Road,2125.98,4,10000,0.2626,0.12,0.18,0.03,False,78.78
R0490,F010,W020,Road,1.2,1,10000,0.0501,0.12,0.18,0.03,False,15.04
R0491,F010,W021,Road,274.54,1,10000,0.0775,0.12,0.18,0.03,False,23.24
R0492,F010,W022,Road,1197.5,3,10000,0.1698,0.12,0.18,0.03,False,50.93
R0493,F010,W023,Road,2348.66,5,10000,0.2849,0.12,0.18,0.03,False,85.46
R0494,F010,W024,Road,513.77,1,10000,0.1014,0.12,0.18,0.03,False,30.41
R0495,F010,W025,Road,874.28,2,10000,0.1374,0.12,0.18,0.03,False,41.23
R0496,F010,W026,Road,1078.35,2,10000,0.1578,0.12,0.18,0.03,False,47.35
R0497,F010,W027,Road,2119.86,4,10000,0.262,0.12,0.18,0.03,False,78.6
R0498,F010,W028,Road,1696.75,4,10000,0.2197,0.12,0.18,0.03,False,65.9
R0499,F010,W029,Road,2126.6,4,10000,0.2627,0.12,0.18,0.03,False,78.8
R0500,F010,W030,Road,1.87,1,10000,0.0502,0.12,0.18,0.03,False,15.06
R0501,F011,W001,Road,1.2,1,10000,0.0501,0.12,0.18,0.03,False,15.04
R0502,F011,W002,Road,1014.29,2,10000,0.1514,0.12,0.18,0.03,False,45.43
R0503,F011,W003,Road,2086.79,4,10000,0.2587,0.12,0.18,0.03,False,77.6
R0504,F011,W004,Road,348.03,1,10000,0.0848,0.12,0.18,0.03,False,25.44
R0505,F011,W005,Road,600.27,2,10000,0.11,0.12,0.18,0.03,False,33.01
R0506,F011,W006,Road,881.64,2,10000,0.1382,0.12,0.18,0.03,False,41.45
R0507,F011,W007,Road,1871.89,4,10000,0.2372,0.12,0.18,0.03,False,71.16
R0508,F011,W008,Road,1483.84,3,10000,0.1984,0.12,0.18,0.03,False,59.52
R0509,F011,W009,Road,1873.04,4,10000,0.2373,0.12,0.18,0.03,False,71.19
R0510,F011,W010,Road,273.71,1,10000,0.0774,0.12,0.18,0.03,False,23.21
R0511,F011,W011,Road,1.2,1,10000,0.0501,0.12,0.18,0.03,False,15.04
R0512,F011,W012,Road,1014.44,2,10000,0.1514,0.12,0.18,0.03,False,45.43
R0513,F011,W013,Road,2087.44,4,10000,0.2587,0.12,0.18,0.03,False,77.62
R0514,F011,W014,Road,348.7,1,10000,0.0849,0.12,0.18,0.03,False,25.46
R0515,F011,W015,Road,601.05,2,10000,0.1101,0.12,0.18,0.03,False,33.03
R0516,F011,W016,Road,881.85,2,10000,0.1382,0.12,0.18,0.03,False,41.46
R0517,F011,W017,Road,1872.79,4,10000,0.2373,0.12,0.18,0.03,False,71.18
R0518,F011,W018,Road,1484.17,3,10000,0.1984,0.12,0.18,0.03,False,59.53
R0519,F011,W019,Road,1873.63,4,10000,0.2374,0.12,0.18,0.03,False,71.21
R0520,F011,W020,Road,272.88,1,10000,0.0773,0.12,0.18,0.03,False,23.19
R0521,F011,W021,Road,1.2,1,10000,0.0501,0.12,0.18,0.03,False,15.04
R0522,F011,W022,Road,1014.59,2,10000,0.1515,0.12,0.18,0.03,False,45.44
R0523,F011,W023,Road,2088.09,4,10000,0.2588,0.12,0.18,0.03,False,77.64
R0524,F011,W024,Road,349.38,1,10000,0.0849,0.12,0.18,0.03,False,25.48
R0525,F011,W025,Road,601.83,2,10000,0.1102,0.12,0.18,0.03,False,33.05
R0526,F011,W026,Road,882.06,2,10000,0.1382,0.12,0.18,0.03,False,41.46
R0527,F011,W027,Road,1873.7,4,10000,0.2374,0.12,0.18,0.03,False,71.21
R0528,F011,W028,Road,1484.49,3,10000,0.1984,0.12,0.18,0.03,False,59.53
R0529,F011,W029,Road,1874.21,4,10000,0.2374,0.12,0.18,0.03,False,71.23
R0530,F011,W030,Road,272.05,1,10000,0.0772,0.12,0.18,0.03,False,23.16
R0531,F012,W001,Road,1014.6,2,10000,0.1515,0.12,0.18,0.03,False,45.44
R0532,F012,W002,Road,1.2,1,10000,0.0501,0.12,0.18,0.03,False,15.04
R0533,F012,W003,Road,1375.83,3,10000,0.1876,0.12,0.18,0.03,False,56.27
R0534,F012,W004,Road,1239.93,3,10000,0.174,0.12,0.18,0.03,False,52.2
R0535,F012,W005,Road,745.41,2,10000,0.1245,0.12,0.18,0.03,False,37.36
R0536,F012,W006,Road,144.4,1,10000,0.0644,0.12,0.18,0.03,False,19.33
R0537,F012,W007,Road,1984.05,4,10000,0.2484,0.12,0.18,0.03,False,74.52
R0538,F012,W008,Road,526.52,1,10000,0.1027,0.12,0.18,0.03,False,30.8
R0539,F012,W009,Road,1103.27,3,10000,0.1603,0.12,0.18,0.03,False,48.1
R0540,F012,W010,Road,1197.18,3,10000,0.1697,0.12,0.18,0.03,False,50.92
R0541,F012,W011,Road,1014.44,2,10000,0.1514,0.12,0.18,0.03,False,45.43
R0542,F012,W012,Road,1.2,1,10000,0.0501,0.12,0.18,0.03,False,15.04
R0543,F012,W013,Road,1376.67,3,10000,0.1877,0.12,0.18,0.03,False,56.3
R0544,F012,W014,Road,1239.98,3,10000,0.174,0.12,0.18,0.03,False,52.2
R0545,F012,W015,Road,745.8,2,10000,0.1246,0.12,0.18,0.03,False,37.37
R0546,F012,W016,Road,144.59,1,10000,0.0645,0.12,0.18,0.03,False,19.34
R0547,F012,W017,Road,1984.78,4,10000,0.2485,0.12,0.18,0.03,False,74.54
R0548,F012,W018,Road,527.14,1,10000,0.1027,0.12,0.18,0.03,False,30.81
R0549,F012,W019,Road,1104.09,3,10000,0.1604,0.12,0.18,0.03,False,48.12
R0550,F012,W020,Road,1196.86,3,10000,0.1697,0.12,0.18,0.03,False,50.91
R0551,F012,W021,Road,1014.29,2,10000,0.1514,0.12,0.18,0.03,False,45.43
R0552,F012,W022,Road,1.2,1,10000,0.0501,0.12,0.18,0.03,False,15.04
R0553,F012,W023,Road,1377.52,3,10000,0.1878,0.12,0.18,0.03,False,56.33
R0554,F012,W024,Road,1240.03,3,10000,0.174,0.12,0.18,0.03,False,52.2
R0555,F012,W025,Road,746.19,2,10000,0.1246,0.12,0.18,0.03,False,37.39
R0556,F012,W026,Road,144.79,1,10000,0.0645,0.12,0.18,0.03,False,19.34
R0557,F012,W027,Road,1985.51,4,10000,0.2486,0.12,0.18,0.03,False,74.57
R0558,F012,W028,Road,527.76,1,10000,0.1028,0.12,0.18,0.03,False,30.83
R0559,F012,W029,Road,1104.92,3,10000,0.1605,0.12,0.18,0.03,False,48.15
R0560,F012,W030,Road,1196.54,3,10000,0.1697,0.12,0.18,0.03,False,50.9
R0561,F013,W001,Road,2088.09,4,10000,0.2588,0.12,0.18,0.03,False,77.64
R0562,F013,W002,Road,1377.53,3,10000,0.1878,0.12,0.18,0.03,False,56.33
R0563,F013,W003,Road,1.2,1,10000,0.0501,0.12,0.18,0.03,False,15.04
R0564,F013,W004,Road,2107.31,4,10000,0.2607,0.12,0.18,0.03,False,78.22
R0565,F013,W005,Road,1505.92,3,10000,0.2006,0.12,0.18,0.03,False,60.18
R0566,F013,W006,Road,1407.88,3,10000,0.1908,0.12,0.18,0.03,False,57.24
R0567,F013,W007,Road,1563.84,3,10000,0.2064,0.12,0.18,0.03,False,61.92
R0568,F013,W008,Road,931.77,2,10000,0.1432,0.12,0.18,0.03,False,42.95
R0569,F013,W009,Road,282.96,1,10000,0.0783,0.12,0.18,0.03,False,23.49
R0570,F013,W010,Road,2347.99,5,10000,0.2848,0.12,0.18,0.03,False,85.44
R0571,F013,W011,Road,2087.44,4,10000,0.2587,0.12,0.18,0.03,False,77.62
R0572,F013,W012,Road,1376.67,3,10000,0.1877,0.12,0.18,0.03,False,56.3
R0573,F013,W013,Road,1.2,1,10000,0.0501,0.12,0.18,0.03,False,15.04
R0574,F013,W014,Road,2106.76,4,10000,0.2607,0.12,0.18,0.03,False,78.2
R0575,F013,W015,Road,1505.32,3,10000,0.2005,0.12,0.18,0.03,False,60.16
R0576,F013,W016,Road,1407.06,3,10000,0.1907,0.12,0.18,0.03,False,57.21
R0577,F013,W017,Road,1563.99,3,10000,0.2064,0.12,0.18,0.03,False,61.92
R0578,F013,W018,Road,930.87,2,10000,0.1431,0.12,0.18,0.03,False,42.93
R0579,F013,W019,Road,282.07,1,10000,0.0782,0.12,0.18,0.03,False,23.46
R0580,F013,W020,Road,2347.31,5,10000,0.2847,0.12,0.18,0.03,False,85.42
R0581,F013,W021,Road,2086.79,4,10000,0.2587,0.12,0.18,0.03,False,77.6
R0582,F013,W022,Road,1375.82,3,10000,0.1876,0.12,0.18,0.03,False,56.27
R0583,F013,W023,Road,1.2,1,10000,0.0501,0.12,0.18,0.03,False,15.04
R0584,F013,W024,Road,2106.22,4,10000,0.2606,0.12,0.18,0.03,False,78.19
R0585,F013,W025,Road,1504.72,3,10000,0.2005,0.12,0.18,0.03,False,60.14
R0586,F013,W026,Road,1406.25,3,10000,0.1906,0.12,0.18,0.03,False,57.19
R0587,F013,W027,Road,1564.14,3,10000,0.2064,0.12,0.18,0.03,False,61.92
R0588,F013,W028,Road,929.97,2,10000,0.143,0.12,0.18,0.03,False,42.9
R0589,F013,W029,Road,281.18,1,10000,0.0781,0.12,0.18,0.03,False,23.44
R0590,F013,W030,Road,2346.63,5,10000,0.2847,0.12,0.18,0.03,False,85.4
R0591,F014,W001,Road,349.38,1,10000,0.0849,0.12,0.18,0.03,False,25.48
R0592,F014,W002,Road,1240.05,3,10000,0.174,0.12,0.18,0.03,False,52.2
R0593,F014,W003,Road,2106.22,4,10000,0.2606,0.12,0.18,0.03,False,78.19
R0594,F014,W004,Road,1.2,1,10000,0.0501,0.12,0.18,0.03,False,15.04
R0595,F014,W005,Road,618.67,2,10000,0.1119,0.12,0.18,0.03,False,33.56
R0596,F014,W006,Road,1097.09,2,10000,0.1597,0.12,0.18,0.03,False,47.91
R0597,F014,W007,Road,1628.87,3,10000,0.2129,0.12,0.18,0.03,False,63.87
R0598,F014,W008,Road,1646.08,3,10000,0.2146,0.12,0.18,0.03,False,64.38
R0599,F014,W009,Road,1927.98,4,10000,0.2428,0.12,0.18,0.03,False,72.84
R0600,F014,W010,Road,512.86,1,10000,0.1013,0.12,0.18,0.03,False,30.39
R0601,F014,W011,Road,348.7,1,10000,0.0849,0.12,0.18,0.03,False,25.46
R0602,F014,W012,Road,1239.98,3,10000,0.174,0.12,0.18,0.03,False,52.2
R0603,F014,W013,Road,2106.76,4,10000,0.2607,0.12,0.18,0.03,False,78.2
R0604,F014,W014,Road,1.2,1,10000,0.0501,0.12,0.18,0.03,False,15.04
R0605,F014,W015,Road,619.05,2,10000,0.1119,0.12,0.18,0.03,False,33.57
R0606,F014,W016,Road,1097.04,2,10000,0.1597,0.12,0.18,0.03,False,47.91
R0607,F014,W017,Road,1629.78,3,10000,0.213,0.12,0.18,0.03,False,63.89
R0608,F014,W018,Road,1646.24,3,10000,0.2146,0.12,0.18,0.03,False,64.39
R0609,F014,W019,Road,1928.43,4,10000,0.2428,0.12,0.18,0.03,False,72.85
R0610,F014,W020,Road,511.95,1,10000,0.1012,0.12,0.18,0.03,False,30.36
R0611,F014,W021,Road,348.02,1,10000,0.0848,0.12,0.18,0.03,False,25.44
R0612,F014,W022,Road,1239.91,3,10000,0.174,0.12,0.18,0.03,False,52.2
R0613,F014,W023,Road,2107.3,4,10000,0.2607,0.12,0.18,0.03,False,78.22
R0614,F014,W024,Road,1.2,1,10000,0.0501,0.12,0.18,0.03,False,15.04
R0615,F014,W025,Road,619.43,2,10000,0.1119,0.12,0.18,0.03,False,33.58
R0616,F014,W026,Road,1097.0,2,10000,0.1597,0.12,0.18,0.03,False,47.91
R0617,F014,W027,Road,1630.69,3,10000,0.2131,0.12,0.18,0.03,False,63.92
R0618,F014,W028,Road,1646.39,3,10000,0.2146,0.12,0.18,0.03,False,64.39
R0619,F014,W029,Road,1928.89,4,10000,0.2429,0.12,0.18,0.03,False,72.87
R0620,F014,W030,Road,511.04,1,10000,0.1011,0.12,0.18,0.03,False,30.33
R0621,F015,W001,Road,601.83,2,10000,0.1102,0.12,0.18,0.03,False,33.05
R0622,F015,W002,Road,746.21,2,10000,0.1246,0.12,0.18,0.03,False,37.39
R0623,F015,W003,Road,1504.72,3,10000,0.2005,0.12,0.18,0.03,False,60.14
R0624,F015,W004,Road,619.43,2,10000,0.1119,0.12,0.18,0.03,False,33.58
R0625,F015,W005,Road,1.2,1,10000,0.0501,0.12,0.18,0.03,False,15.04
R0626,F015,W006,Road,607.16,2,10000,0.1107,0.12,0.18,0.03,False,33.21
R0627,F015,W007,Road,1416.08,3,10000,0.1916,0.12,0.18,0.03,False,57.48
R0628,F015,W008,Road,1055.05,2,10000,0.1555,0.12,0.18,0.03,False,46.65
R0629,F015,W009,Road,1312.75,3,10000,0.1813,0.12,0.18,0.03,False,54.38
R0630,F015,W010,Road,873.48,2,10000,0.1373,0.12,0.18,0.03,False,41.2
R0631,F015,W011,Road,601.05,2,10000,0.1101,0.12,0.18,0.03,False,33.03
R0632,F015,W012,Road,745.8,2,10000,0.1246,0.12,0.18,0.03,False,37.37
R0633,F015,W013,Road,1505.32,3,10000,0.2005,0.12,0.18,0.03,False,60.16
R0634,F015,W014,Road,619.05,2,10000,0.1119,0.12,0.18,0.03,False,33.57
R0635,F015,W015,Road,1.2,1,10000,0.0501,0.12,0.18,0.03,False,15.04
R0636,F015,W016,Road,606.7,2,10000,0.1107,0.12,0.18,0.03,False,33.2
R0637,F015,W017,Road,1416.94,3,10000,0.1917,0.12,0.18,0.03,False,57.51
R0638,F015,W018,Road,1055.08,2,10000,0.1555,0.12,0.18,0.03,False,46.65
R0639,F015,W019,Road,1313.24,3,10000,0.1813,0.12,0.18,0.03,False,54.4
R0640,F015,W020,Road,872.68,2,10000,0.1373,0.12,0.18,0.03,False,41.18
R0641,F015,W021,Road,600.27,2,10000,0.11,0.12,0.18,0.03,False,33.01
R0642,F015,W022,Road,745.39,2,10000,0.1245,0.12,0.18,0.03,False,37.36
R0643,F015,W023,Road,1505.92,3,10000,0.2006,0.12,0.18,0.03,False,60.18
R0644,F015,W024,Road,618.67,2,10000,0.1119,0.12,0.18,0.03,False,33.56
R0645,F015,W025,Road,1.2,1,10000,0.0501,0.12,0.18,0.03,False,15.04
R0646,F015,W026,Road,606.25,2,10000,0.1106,0.12,0.18,0.03,False,33.19
R0647,F015,W027,Road,1417.79,3,10000,0.1918,0.12,0.18,0.03,False,57.53
R0648,F015,W028,Road,1055.1,2,10000,0.1555,0.12,0.18,0.03,False,46.65
R0649,F015,W029,Road,1313.72,3,10000,0.1814,0.12,0.18,0.03,False,54.41
R0650,F015,W030,Road,871.89,2,10000,0.1372,0.12,0.18,0.03,False,41.16
R0651,F016,W001,Road,882.07,2,10000,0.1382,0.12,0.18,0.03,False,41.46
R0652,F016,W002,Road,144.79,1,10000,0.0645,0.12,0.18,0.03,False,19.34
R0653,F016,W003,Road,1406.25,3,10000,0.1906,0.12,0.18,0.03,False,57.19
R0654,F016,W004,Road,1097.01,2,10000,0.1597,0.12,0.18,0.03,False,47.91
R0655,F016,W005,Road,606.26,2,10000,0.1106,0.12,0.18,0.03,False,33.19
R0656,F016,W006,Road,1.2,1,10000,0.0501,0.12,0.18,0.03,False,15.04
R0657,F016,W007,Road,1888.71,4,10000,0.2389,0.12,0.18,0.03,False,71.66
R0658,F016,W008,Road,621.15,2,10000,0.1121,0.12,0.18,0.03,False,33.63
R0659,F016,W009,Road,1143.59,3,10000,0.1644,0.12,0.18,0.03,False,49.31
R0660,F016,W010,Road,1077.97,2,10000,0.1578,0.12,0.18,0.03,False,47.34
R0661,F016,W011,Road,881.85,2,10000,0.1382,0.12,0.18,0.03,False,41.46
R0662,F016,W012,Road,144.59,1,10000,0.0645,0.12,0.18,0.03,False,19.34
R0663,F016,W013,Road,1407.06,3,10000,0.1907,0.12,0.18,0.03,False,57.21
R0664,F016,W014,Road,1097.04,2,10000,0.1597,0.12,0.18,0.03,False,47.91
R0665,F016,W015,Road,606.7,2,10000,0.1107,0.12,0.18,0.03,False,33.2
R0666,F016,W016,Road,1.2,1,10000,0.0501,0.12,0.18,0.03,False,15.04
R0667,F016,W017,Road,1889.47,4,10000,0.2389,0.12,0.18,0.03,False,71.68
R0668,F016,W018,Road,621.63,2,10000,0.1122,0.12,0.18,0.03,False,33.65
R0669,F016,W019,Road,1144.37,3,10000,0.1644,0.12,0.18,0.03,False,49.33
R0670,F016,W020,Road,1077.59,2,10000,0.1578,0.12,0.18,0.03,False,47.33
R0671,F016,W021,Road,881.64,2,10000,0.1382,0.12,0.18,0.03,False,41.45
R0672,F016,W022,Road,144.39,1,10000,0.0644,0.12,0.18,0.03,False,19.33
R0673,F016,W023,Road,1407.88,3,10000,0.1908,0.12,0.18,0.03,False,57.24
R0674,F016,W024,Road,1097.08,2,10000,0.1597,0.12,0.18,0.03,False,47.91
R0675,F016,W025,Road,607.14,2,10000,0.1107,0.12,0.18,0.03,False,33.21
R0676,F016,W026,Road,1.2,1,10000,0.0501,0.12,0.18,0.03,False,15.04
R0677,F016,W027,Road,1890.23,4,10000,0.239,0.12,0.18,0.03,False,71.71
R0678,F016,W028,Road,622.11,2,10000,0.1122,0.12,0.18,0.03,False,33.66
R0679,F016,W029,Road,1145.15,3,10000,0.1645,0.12,0.18,0.03,False,49.35
R0680,F016,W030,Road,1077.21,2,10000,0.1577,0.12,0.18,0.03,False,47.32
R0681,F017,W001,Road,1873.72,4,10000,0.2374,0.12,0.18,0.03,False,71.21
R0682,F017,W002,Road,1985.57,4,10000,0.2486,0.12,0.18,0.03,False,74.57
R0683,F017,W003,Road,1564.19,3,10000,0.2064,0.12,0.18,0.03,False,61.93
R0684,F017,W004,Road,1630.7,3,10000,0.2131,0.12,0.18,0.03,False,63.92
R0685,F017,W005,Road,1417.82,3,10000,0.1918,0.12,0.18,0.03,False,57.53
R0686,F017,W006,Road,1890.28,4,10000,0.239,0.12,0.18,0.03,False,71.71
R0687,F017,W007,Road,1.2,1,10000,0.0501,0.12,0.18,0.03,False,15.04
R0688,F017,W008,Road,1942.91,4,10000,0.2443,0.12,0.18,0.03,False,73.29
R0689,F017,W009,Road,1628.92,3,10000,0.2129,0.12,0.18,0.03,False,63.87
R0690,F017,W010,Road,2118.96,4,10000,0.2619,0.12,0.18,0.03,False,78.57
R0691,F017,W011,Road,1872.79,4,10000,0.2373,0.12,0.18,0.03,False,71.18
R0692,F017,W012,Road,1984.78,4,10000,0.2485,0.12,0.18,0.03,False,74.54
R0693,F017,W013,Road,1563.99,3,10000,0.2064,0.12,0.18,0.03,False,61.92
R0694,F017,W014,Road,1629.78,3,10000,0.213,0.12,0.18,0.03,False,63.89
R0695,F017,W015,Road,1416.94,3,10000,0.1917,0.12,0.18,0.03,False,57.51
R0696,F017,W016,Road,1889.47,4,10000,0.2389,0.12,0.18,0.03,False,71.68
R0697,F017,W017,Road,1.2,1,10000,0.0501,0.12,0.18,0.03,False,15.04
R0698,F017,W018,Road,1942.29,4,10000,0.2442,0.12,0.18,0.03,False,73.27
R0699,F017,W019,Road,1628.56,3,10000,0.2129,0.12,0.18,0.03,False,63.86
R0700,F017,W020,Road,2118.02,4,10000,0.2618,0.12,0.18,0.03,False,78.54
R0701,F017,W021,Road,1871.86,4,10000,0.2372,0.12,0.18,0.03,False,71.16
R0702,F017,W022,Road,1983.99,4,10000,0.2484,0.12,0.18,0.03,False,74.52
R0703,F017,W023,Road,1563.79,3,10000,0.2064,0.12,0.18,0.03,False,61.91
R0704,F017,W024,Road,1628.85,3,10000,0.2129,0.12,0.18,0.03,False,63.87
R0705,F017,W025,Road,1416.05,3,10000,0.1916,0.12,0.18,0.03,False,57.48
R0706,F017,W026,Road,1888.65,4,10000,0.2389,0.12,0.18,0.03,False,71.66
R0707,F017,W027,Road,1.2,1,10000,0.0501,0.12,0.18,0.03,False,15.04
R0708,F017,W028,Road,1941.66,4,10000,0.2442,0.12,0.18,0.03,False,73.25
R0709,F017,W029,Road,1628.21,3,10000,0.2128,0.12,0.18,0.03,False,63.85
R0710,F017,W030,Road,2117.09,4,10000,0.2617,0.12,0.18,0.03,False,78.51
R0711,F018,W001,Road,1484.5,3,10000,0.1985,0.12,0.18,0.03,False,59.54
R0712,F018,W002,Road,527.76,1,10000,0.1028,0.12,0.18,0.03,False,30.83
R0713,F018,W003,Road,929.98,2,10000,0.143,0.12,0.18,0.03,False,42.9
R0714,F018,W004,Road,1646.41,3,10000,0.2146,0.12,0.18,0.03,False,64.39
R0715,F018,W005,Road,1055.12,2,10000,0.1555,0.12,0.18,0.03,False,46.65
R0716,F018,W006,Road,622.12,2,10000,0.1122,0.12,0.18,0.03,False,33.66
R0717,F018,W007,Road,1941.73,4,10000,0.2442,0.12,0.18,0.03,False,73.25
R0718,F018,W008,Road,1.2,1,10000,0.0501,0.12,0.18,0.03,False,15.04
R0719,F018,W009,Road,647.97,2,10000,0.1148,0.12,0.18,0.03,False,34.44
R0720,F018,W010,Road,1696.33,4,10000,0.2196,0.12,0.18,0.03,False,65.89
R0721,F018,W011,Road,1484.17,3,10000,0.1984,0.12,0.18,0.03,False,59.53
R0722,F018,W012,Road,527.14,1,10000,0.1027,0.12,0.18,0.03,False,30.81
R0723,F018,W013,Road,930.87,2,10000,0.1431,0.12,0.18,0.03,False,42.93
R0724,F018,W014,Road,1646.24,3,10000,0.2146,0.12,0.18,0.03,False,64.39
R0725,F018,W015,Road,1055.08,2,10000,0.1555,0.12,0.18,0.03,False,46.65
R0726,F018,W016,Road,621.63,2,10000,0.1122,0.12,0.18,0.03,False,33.65
R0727,F018,W017,Road,1942.29,4,10000,0.2442,0.12,0.18,0.03,False,73.27
R0728,F018,W018,Road,1.2,1,10000,0.0501,0.12,0.18,0.03,False,15.04
R0729,F018,W019,Road,648.86,2,10000,0.1149,0.12,0.18,0.03,False,34.47
R0730,F018,W020,Road,1695.91,4,10000,0.2196,0.12,0.18,0.03,False,65.88
R0731,F018,W021,Road,1483.83,3,10000,0.1984,0.12,0.18,0.03,False,59.51
R0732,F018,W022,Road,526.52,1,10000,0.1027,0.12,0.18,0.03,False,30.8
R0733,F018,W023,Road,931.76,2,10000,0.1432,0.12,0.18,0.03,False,42.95
R0734,F018,W024,Road,1646.07,3,10000,0.2146,0.12,0.18,0.03,False,64.38
R0735,F018,W025,Road,1055.03,2,10000,0.1555,0.12,0.18,0.03,False,46.65
R0736,F018,W026,Road,621.15,2,10000,0.1121,0.12,0.18,0.03,False,33.63
R0737,F018,W027,Road,1942.84,4,10000,0.2443,0.12,0.18,0.03,False,73.29
R0738,F018,W028,Road,1.2,1,10000,0.0501,0.12,0.18,0.03,False,15.04
R0739,F018,W029,Road,649.76,2,10000,0.115,0.12,0.18,0.03,False,34.49
R0740,F018,W030,Road,1695.48,4,10000,0.2195,0.12,0.18,0.03,False,65.86
R0741,F019,W001,Road,1874.21,4,10000,0.2374,0.12,0.18,0.03,False,71.23
R0742,F019,W002,Road,1104.93,3,10000,0.1605,0.12,0.18,0.03,False,48.15
R0743,F019,W003,Road,281.18,1,10000,0.0781,0.12,0.18,0.03,False,23.44
R0744,F019,W004,Road,1928.89,4,10000,0.2429,0.12,0.18,0.03,False,72.87
R0745,F019,W005,Road,1313.73,3,10000,0.1814,0.12,0.18,0.03,False,54.41
R0746,F019,W006,Road,1145.15,3,10000,0.1645,0.12,0.18,0.03,False,49.35
R0747,F019,W007,Road,1628.26,3,10000,0.2128,0.12,0.18,0.03,False,63.85
R0748,F019,W008,Road,649.77,2,10000,0.115,0.12,0.18,0.03,False,34.49
R0749,F019,W009,Road,1.2,1,10000,0.0501,0.12,0.18,0.03,False,15.04
R0750,F019,W010,Road,2125.98,4,10000,0.2626,0.12,0.18,0.03,False,78.78
R0751,F019,W011,Road,1873.63,4,10000,0.2374,0.12,0.18,0.03,False,71.21
R0752,F019,W012,Road,1104.09,3,10000,0.1604,0.12,0.18,0.03,False,48.12
R0753,F019,W013,Road,282.07,1,10000,0.0782,0.12,0.18,0.03,False,23.46
R0754,F019,W014,Road,1928.43,4,10000,0.2428,0.12,0.18,0.03,False,72.85
R0755,F019,W015,Road,1313.24,3,10000,0.1813,0.12,0.18,0.03,False,54.4
R0756,F019,W016,Road,1144.37,3,10000,0.1644,0.12,0.18,0.03,False,49.33
R0757,F019,W017,Road,1628.56,3,10000,0.2129,0.12,0.18,0.03,False,63.86
R0758,F019,W018,Road,648.86,2,10000,0.1149,0.12,0.18,0.03,False,34.47
R0759,F019,W019,Road,1.2,1,10000,0.0501,0.12,0.18,0.03,False,15.04
R0760,F019,W020,Road,2125.35,4,10000,0.2625,0.12,0.18,0.03,False,78.76
R0761,F019,W021,Road,1873.04,4,10000,0.2373,0.12,0.18,0.03,False,71.19
R0762,F019,W022,Road,1103.26,3,10000,0.1603,0.12,0.18,0.03,False,48.1
R0763,F019,W023,Road,282.95,1,10000,0.0783,0.12,0.18,0.03,False,23.49
R0764,F019,W024,Road,1927.97,4,10000,0.2428,0.12,0.18,0.03,False,72.84
R0765,F019,W025,Road,1312.75,3,10000,0.1813,0.12,0.18,0.03,False,54.38
R0766,F019,W026,Road,1143.59,3,10000,0.1644,0.12,0.18,0.03,False,49.31
R0767,F019,W027,Road,1628.86,3,10000,0.2129,0.12,0.18,0.03,False,63.87
R0768,F019,W028,Road,647.96,2,10000,0.1148,0.12,0.18,0.03,False,34.44
R0769,F019,W029,Road,1.2,1,10000,0.0501,0.12,0.18,0.03,False,15.04
R0770,F019,W030,Road,2124.73,4,10000,0.2625,0.12,0.18,0.03,False,78.74
R0771,F020,W001,Road,272.05,1,10000,0.0772,0.12,0.18,0.03,False,23.16
R0772,F020,W002,Road,1196.55,3,10000,0.1697,0.12,0.18,0.03,False,50.9
R0773,F020,W003,Road,2346.63,5,10000,0.2847,0.12,0.18,0.03,False,85.4
R0774,F020,W004,Road,511.04,1,10000,0.1011,0.12,0.18,0.03,False,30.33
R0775,F020,W005,Road,871.89,2,10000,0.1372,0.12,0.18,0.03,False,41.16
R0776,F020,W006,Road,1077.21,2,10000,0.1577,0.12,0.18,0.03,False,47.32
R0777,F020,W007,Road,2117.11,4,10000,0.2617,0.12,0.18,0.03,False,78.51
R0778,F020,W008,Road,1695.49,4,10000,0.2195,0.12,0.18,0.03,False,65.86
R0779,F020,W009,Road,2124.73,4,10000,0.2625,0.12,0.18,0.03,False,78.74
R0780,F020,W010,Road,1.2,1,10000,0.0501,0.12,0.18,0.03,False,15.04
R0781,F020,W011,Road,272.88,1,10000,0.0773,0.12,0.18,0.03,False,23.19
R0782,F020,W012,Road,1196.86,3,10000,0.1697,0.12,0.18,0.03,False,50.91
R0783,F020,W013,Road,2347.31,5,10000,0.2847,0.12,0.18,0.03,False,85.42
R0784,F020,W014,Road,511.95,1,10000,0.1012,0.12,0.18,0.03,False,30.36
R0785,F020,W015,Road,872.68,2,10000,0.1373,0.12,0.18,0.03,False,41.18
R0786,F020,W016,Road,1077.59,2,10000,0.1578,0.12,0.18,0.03,False,47.33
R0787,F020,W017,Road,2118.02,4,10000,0.2618,0.12,0.18,0.03,False,78.54
R0788,F020,W018,Road,1695.91,4,10000,0.2196,0.12,0.18,0.03,False,65.88
R0789,F020,W019,Road,2125.35,4,10000,0.2625,0.12,0.18,0.03,False,78.76
R0790,F020,W020,Road,1.2,1,10000,0.0501,0.12,0.18,0.03,False,15.04
R0791,F020,W021,Road,273.71,1,10000,0.0774,0.12,0.18,0.03,False,23.21
R0792,F020,W022,Road,1197.17,3,10000,0.1697,0.12,0.18,0.03,False,50.92
R0793,F020,W023,Road,2347.99,5,10000,0.2848,0.12,0.18,0.03,False,85.44
R0794,F020,W024,Road,512.85,1,10000,0.1013,0.12,0.18,0.03,False,30.39
R0795,F020,W025,Road,873.48,2,10000,0.1373,0.12,0.18,0.03,False,41.2
R0796,F020,W026,Road,1077.97,2,10000,0.1578,0.12,0.18,0.03,False,47.34
R0797,F020,W027,Road,2118.93,4,10000,0.2619,0.12,0.18,0.03,False,78.57
R0798,F020,W028,Road,1696.32,4,10000,0.2196,0.12,0.18,0.03,False,65.89
R0799,F020,W029,Road,2125.98,4,10000,0.2626,0.12,0.18,0.03,False,78.78
R0800,F020,W030,Road,1.2,1,10000,0.0501,0.12,0.18,0.03,False,15.04
R0801,W001,W002,Road,1014.45,2,10000,0.1514,0.12,0.18,0.03,True,45.43
R0802,W001,W002,Air,845.38,1,10000,0.3882,0.12,0.18,0.03,True,65.72
R0803,W002,W003,Road,1376.68,3,10000,0.1877,0.12,0.18,0.03,True,56.3
R0804,W002,W003,Air,1147.23,1,10000,0.5089,0.12,0.18,0.03,True,83.83
R0805,W003,W004,Road,2106.76,4,10000,0.2607,0.12,0.18,0.03,True,78.2
R0806,W003,W004,Air,1755.64,1,10000,0.7523,0.12,0.18,0.03,True,120.34
R0807,W004,W005,Road,619.05,2,10000,0.1119,0.12,0.18,0.03,True,33.57
R0808,W004,W005,Air,515.88,1,10000,0.2564,0.12,0.18,0.03,True,45.95
R0809,W005,W006,Road,606.72,2,10000,0.1107,0.12,0.18,0.03,True,33.2
R0810,W005,W006,Air,505.6,1,10000,0.2522,0.12,0.18,0.03,True,45.34
R0811,W006,W007,Road,1889.52,4,10000,0.239,0.12,0.18,0.03,True,71.69
R0812,W006,W007,Air,1574.6,1,10000,0.6798,0.12,0.18,0.03,True,109.48
R0813,W007,W008,Road,1942.36,4,10000,0.2442,0.12,0.18,0.03,True,73.27
R0814,W007,W008,Air,1618.63,1,10000,0.6975,0.12,0.18,0.03,True,112.12
R0815,W008,W009,Road,648.87,2,10000,0.1149,0.12,0.18,0.03,True,34.47
R0816,W008,W009,Air,540.73,1,10000,0.2663,0.12,0.18,0.03,True,47.44
R0817,W009,W010,Road,2125.35,4,10000,0.2625,0.12,0.18,0.03,True,78.76
R0818,W009,W010,Air,1771.13,1,10000,0.7585,0.12,0.18,0.03,True,121.27
R0819,W010,W011,Road,273.71,1,10000,0.0774,0.12,0.18,0.03,True,23.21
R0820,W010,W011,Air,228.09,1,10000,0.1412,0.12,0.18,0.03,True,28.69
R0821,W011,W012,Road,1014.44,2,10000,0.1514,0.12,0.18,0.03,True,45.43
R0822,W011,W012,Air,845.37,1,10000,0.3881,0.12,0.18,0.03,True,65.72
R0823,W012,W013,Road,1376.67,3,10000,0.1877,0.12,0.18,0.03,True,56.3
R0824,W012,W013,Air,1147.23,1,10000,0.5089,0.12,0.18,0.03,True,83.83
R0825,W013,W014,Road,2106.76,4,10000,0.2607,0.12,0.18,0.03,True,78.2
R0826,W013,W014,Air,1755.63,1,10000,0.7523,0.12,0.18,0.03,True,120.34
R0827,W014,W015,Road,619.05,2,10000,0.1119,0.12,0.18,0.03,True,33.57
R0828,W014,W015,Air,515.88,1,10000,0.2564,0.12,0.18,0.03,True,45.95
R0829,W015,W016,Road,606.7,2,10000,0.1107,0.12,0.18,0.03,True,33.2
R0830,W015,W016,Air,505.59,1,10000,0.2522,0.12,0.18,0.03,True,45.34
R0831,W016,W017,Road,1889.47,4,10000,0.2389,0.12,0.18,0.03,True,71.68
R0832,W016,W017,Air,1574.56,1,10000,0.6798,0.12,0.18,0.03,True,109.47
R0833,W017,W018,Road,1942.29,4,10000,0.2442,0.12,0.18,0.03,True,73.27
R0834,W017,W018,Air,1618.57,1,10000,0.6974,0.12,0.18,0.03,True,112.11
R0835,W018,W019,Road,648.86,2,10000,0.1149,0.12,0.18,0.03,True,34.47
R0836,W018,W019,Air,540.72,1,10000,0.2663,0.12,0.18,0.03,True,47.44
R0837,W019,W020,Road,2125.35,4,10000,0.2625,0.12,0.18,0.03,True,78.76
R0838,W019,W020,Air,1771.13,1,10000,0.7585,0.12,0.18,0.03,True,121.27
R0839,W020,W021,Road,273.71,1,10000,0.0774,0.12,0.18,0.03,True,23.21
R0840,W020,W021,Air,228.09,1,10000,0.1412,0.12,0.18,0.03,True,28.69
R0841,W021,W022,Road,1014.44,2,10000,0.1514,0.12,0.18,0.03,True,45.43
R0842,W021,W022,Air,845.36,1,10000,0.3881,0.12,0.18,0.03,True,65.72
R0843,W022,W023,Road,1376.66,3,10000,0.1877,0.12,0.18,0.03,True,56.3
R0844,W022,W023,Air,1147.22,1,10000,0.5089,0.12,0.18,0.03,True,83.83
R0845,W023,W024,Road,2106.76,4,10000,0.2607,0.12,0.18,0.03,True,78.2
R0846,W023,W024,Air,1755.63,1,10000,0.7523,0.12,0.18,0.03,True,120.34
R0847,W024,W025,Road,619.05,2,10000,0.1119,0.12,0.18,0.03,True,33.57
R0848,W024,W025,Air,515.87,1,10000,0.2563,0.12,0.18,0.03,True,45.95
R0849,W025,W026,Road,606.69,2,10000,0.1107,0.12,0.18,0.03,True,33.2
R0850,W025,W026,Air,505.57,1,10000,0.2522,0.12,0.18,0.03,True,45.33
R0851,W026,W027,Road,1889.41,4,10000,0.2389,0.12,0.18,0.03,True,71.68
R0852,W026,W027,Air,1574.51,1,10000,0.6798,0.12,0.18,0.03,True,109.47
R0853,W027,W028,Road,1942.21,4,10000,0.2442,0.12,0.18,0.03,True,73.27
R0854,W027,W028,Air,1618.51,1,10000,0.6974,0.12,0.18,0.03,True,112.11
R0855,W028,W029,Road,648.86,2,10000,0.1149,0.12,0.18,0.03,True,34.47
R0856,W028,W029,Air,540.71,1,10000,0.2663,0.12,0.18,0.03,True,47.44
R0857,W029,W030,Road,2125.35,4,10000,0.2625,0.12,0.18,0.03,True,78.76
R0858,W029,W030,Air,1771.13,1,10000,0.7585,0.12,0.18,0.03,True,121.27
R0859,W030,W001,Road,271.21,1,10000,0.0771,0.12,0.18,0.03,True,23.14
R0860,W030,W001,Air,226.01,1,10000,0.1404,0.12,0.18,0.03,True,28.56
R0861,W024,W012,Road,1240.03,3,10000,0.174,0.12,0.18,0.03,True,52.2
R0862,W024,W012,Air,1033.36,1,10000,0.4633,0.12,0.18,0.03,True,77.0
R0863,W014,W026,Road,1097.0,2,10000,0.1597,0.12,0.18,0.03,True,47.91
R0864,W014,W026,Air,914.16,1,10000,0.4157,0.12,0.18,0.03,True,69.85
R0865,W014,W024,Road,1.2,1,10000,0.0501,0.12,0.18,0.03,True,15.04
R0866,W014,W024,Air,1,1,10000,0.0504,0.12,0.18,0.03,True,15.06
R0867,W003,W002,Road,1376.68,3,10000,0.1877,0.12,0.18,0.03,True,56.3
R0868,W003,W002,Air,1147.23,1,10000,0.5089,0.12,0.18,0.03,True,83.83
R0869,W021,W002,Road,1014.14,2,10000,0.1514,0.12,0.18,0.03,True,45.42
R0870,W021,W002,Air,845.11,1,10000,0.388,0.12,0.18,0.03,True,65.71
R0871,W009,W024,Road,1927.52,4,10000,0.2428,0.12,0.18,0.03,True,72.83
R0872,W009,W024,Air,1606.27,1,10000,0.6925,0.12,0.18,0.03,True,111.38
R0873,W019,W023,Road,282.95,1,10000,0.0783,0.12,0.18,0.03,True,23.49
R0874,W019,W023,Air,235.79,1,10000,0.1443,0.12,0.18,0.03,True,29.15
R0875,W027,W001,Road,1874.63,4,10000,0.2375,0.12,0.18,0.03,True,71.24
R0876,W027,W001,Air,1562.19,1,10000,0.6749,0.12,0.18,0.03,True,108.73
R0877,W030,W020,Road,1.2,1,10000,0.0501,0.12,0.18,0.03,True,15.04
R0878,W030,W020,Air,1,1,10000,0.0504,0.12,0.18,0.03,True,15.06
R0879,W028,W008,Road,1.81,1,10000,0.0502,0.12,0.18,0.03,True,15.05
R0880,W028,W008,Air,1.51,1,10000,0.0506,0.12,0.18,0.03,True,15.09
R0881,W005,W012,Road,745.41,2,10000,0.1245,0.12,0.18,0.03,True,37.36
R0882,W005,W012,Air,621.17,1,10000,0.2985,0.12,0.18,0.03,True,52.27
R0883,W029,W008,Road,650.66,2,10000,0.1151,0.12,0.18,0.03,True,34.52
R0884,W029,W008,Air,542.21,1,10000,0.2669,0.12,0.18,0.03,True,47.53
R0885,W015,W005,Road,1.2,1,10000,0.0501,0.12,0.18,0.03,True,15.04
R0886,W015,W005,Air,1,1,10000,0.0504,0.12,0.18,0.03,True,15.06
R0887,W015,W017,Road,1416.94,3,10000,0.1917,0.12,0.18,0.03,True,57.51
R0888,W015,W017,Air,1180.78,1,10000,0.5223,0.12,0.18,0.03,True,85.85
R0889,W011,W027,Road,1873.7,4,10000,0.2374,0.12,0.18,0.03,True,71.21
R0890,W011,W027,Air,1561.41,1,10000,0.6746,0.12,0.18,0.03,True,108.68
R0891,W010,W027,Road,2119.86,4,10000,0.262,0.12,0.18,0.03,True,78.6
R0892,W010,W027,Air,1766.55,1,10000,0.7566,0.12,0.18,0.03,True,120.99
R0893,W017,W003,Road,1564.19,3,10000,0.2064,0.12,0.18,0.03,True,61.93
R0894,W017,W003,Air,1303.49,1,10000,0.5714,0.12,0.18,0.03,True,93.21
R0895,W006,W013,Road,1407.88,3,10000,0.1908,0.12,0.18,0.03,True,57.24
R0896,W006,W013,Air,1173.23,1,10000,0.5193,0.12,0.18,0.03,True,85.39
R0897,W016,W028,Road,622.11,2,10000,0.1122,0.12,0.18,0.03,True,33.66
R0898,W016,W028,Air,518.43,1,10000,0.2574,0.12,0.18,0.03,True,46.11
R0899,W012,W016,Road,144.59,1,10000,0.0645,0.12,0.18,0.03,True,19.34
R0900,W012,W016,Air,120.49,1,10000,0.0982,0.12,0.18,0.03,True,22.23
R0901,W030,W008,Road,1695.07,4,10000,0.2195,0.12,0.18,0.03,True,65.85
R0902,W030,W008,Air,1412.56,1,10000,0.615,0.12,0.18,0.03,True,99.75
R0903,W007,W026,Road,1887.89,4,10000,0.2388,0.12,0.18,0.03,True,71.64
R0904,W007,W026,Air,1573.24,1,10000,0.6793,0.12,0.18,0.03,True,109.39
R0905,W026,W014,Road,1097.0,2,10000,0.1597,0.12,0.18,0.03,True,47.91
R0906,W026,W014,Air,914.16,1,10000,0.4157,0.12,0.18,0.03,True,69.85
R0907,W003,W013,Road,1.2,1,10000,0.0501,0.12,0.18,0.03,True,15.04
R0908,W003,W013,Air,1,1,10000,0.0504,0.12,0.18,0.03,True,15.06
R0909,W008,W011,Road,1483.84,3,10000,0.1984,0.12,0.18,0.03,True,59.52
R0910,W008,W011,Air,1236.53,1,10000,0.5446,0.12,0.18,0.03,True,89.19
R0911,W014,W020,Road,511.95,1,10000,0.1012,0.12,0.18,0.03,True,30.36
R0912,W014,W020,Air,426.62,1,10000,0.2206,0.12,0.18,0.03,True,40.6
R0913,W019,W008,Road,649.77,2,10000,0.115,0.12,0.18,0.03,True,34.49
R0914,W019,W008,Air,541.47,1,10000,0.2666,0.12,0.18,0.03,True,47.49
R0915,W002,W025,Road,746.61,2,10000,0.1247,0.12,0.18,0.03,True,37.4
R0916,W002,W025,Air,622.17,1,10000,0.2989,0.12,0.18,0.03,True,52.33
R0917,W002,W016,Road,144.79,1,10000,0.0645,0.12,0.18,0.03,True,19.34
R0918,W002,W016,Air,120.66,1,10000,0.0983,0.12,0.18,0.03,True,22.24
R0919,W013,W009,Road,282.96,1,10000,0.0783,0.12,0.18,0.03,True,23.49
R0920,W013,W009,Air,235.8,1,10000,0.1443,0.12,0.18,0.03,True,29.15
R0921,W013,W005,Road,1505.92,3,10000,0.2006,0.12,0.18,0.03,True,60.18
R0922,W013,W005,Air,1254.93,1,10000,0.552,0.12,0.18,0.03,True,90.3
R0923,W002,W020,Road,1196.55,3,10000,0.1697,0.12,0.18,0.03,True,50.9
R0924,W002,W020,Air,997.12,1,10000,0.4488,0.12,0.18,0.03,True,74.83
R0925,W010,W029,Road,2126.6,4,10000,0.2627,0.12,0.18,0.03,True,78.8
R0926,W010,W029,Air,1772.17,1,10000,0.7589,0.12,0.18,0.03,True,121.33
R0927,W026,W016,Road,1.2,1,10000,0.0501,0.12,0.18,0.03,True,15.04
R0928,W026,W016,Air,1,1,10000,0.0504,0.12,0.18,0.03,True,15.06
R0929,W014,W030,Road,511.04,1,10000,0.1011,0.12,0.18,0.03,True,30.33
R0930,W014,W030,Air,425.86,1,10000,0.2203,0.12,0.18,0.03,True,40.55
R0931,W028,W022,Road,527.14,1,10000,0.1027,0.12,0.18,0.03,True,30.81
R0932,W028,W022,Air,439.29,1,10000,0.2257,0.12,0.18,0.03,True,41.36
R0933,W013,W006,Road,1407.88,3,10000,0.1908,0.12,0.18,0.03,True,57.24
R0934,W013,W006,Air,1173.23,1,10000,0.5193,0.12,0.18,0.03,True,85.39
R0935,W013,W019,Road,282.07,1,10000,0.0782,0.12,0.18,0.03,True,23.46
R0936,W013,W019,Air,235.06,1,10000,0.144,0.12,0.18,0.03,True,29.1
R0937,W006,W025,Road,607.6,2,10000,0.1108,0.12,0.18,0.03,True,33.23
R0938,W006,W025,Air,506.34,1,10000,0.2525,0.12,0.18,0.03,True,45.38
R0939,W011,W013,Road,2087.44,4,10000,0.2587,0.12,0.18,0.03,True,77.62
R0940,W011,W013,Air,1739.53,1,10000,0.7458,0.12,0.18,0.03,True,119.37
R0941,W014,W006,Road,1097.09,2,10000,0.1597,0.12,0.18,0.03,True,47.91
R0942,W014,W006,Air,914.24,1,10000,0.4157,0.12,0.18,0.03,True,69.85
R0943,W027,W012,Road,1985.51,4,10000,0.2486,0.12,0.18,0.03,True,74.57
R0944,W027,W012,Air,1654.59,1,10000,0.7118,0.12,0.18,0.03,True,114.28
R0945,W011,W005,Road,600.27,2,10000,0.11,0.12,0.18,0.03,True,33.01
R0946,W011,W005,Air,500.23,1,10000,0.2501,0.12,0.18,0.03,True,45.01
R0947,W008,W015,Road,1055.05,2,10000,0.1555,0.12,0.18,0.03,True,46.65
R0948,W008,W015,Air,879.21,1,10000,0.4017,0.12,0.18,0.03,True,67.75
R0949,W002,W013,Road,1377.53,3,10000,0.1878,0.12,0.18,0.03,True,56.33
R0950,W002,W013,Air,1147.94,1,10000,0.5092,0.12,0.18,0.03,True,83.88
R0951,W016,W027,Road,1890.23,4,10000,0.239,0.12,0.18,0.03,True,71.71
R0952,W016,W027,Air,1575.19,1,10000,0.6801,0.12,0.18,0.03,True,109.51
R0953,W019,W013,Road,282.07,1,10000,0.0782,0.12,0.18,0.03,True,23.46
R0954,W019,W013,Air,235.06,1,10000,0.144,0.12,0.18,0.03,True,29.1
R0955,W006,W011,Road,881.64,2,10000,0.1382,0.12,0.18,0.03,True,41.45
R0956,W006,W011,Air,734.7,1,10000,0.3439,0.12,0.18,0.03,True,59.08
R0957,W012,W014,Road,1239.98,3,10000,0.174,0.12,0.18,0.03,True,52.2
R0958,W012,W014,Air,1033.32,1,10000,0.4633,0.12,0.18,0.03,True,77.0
R0959,W025,W024,Road,619.05,2,10000,0.1119,0.12,0.18,0.03,True,33.57
R0960,W025,W024,Air,515.87,1,10000,0.2563,0.12,0.18,0.03,True,45.95
R0961,W022,W002,Road,1.84,1,10000,0.0502,0.12,0.18,0.03,True,15.06
R0962,W022,W002,Air,1.53,1,10000,0.0506,0.12,0.18,0.03,True,15.09
R0963,W025,W012,Road,746.19,2,10000,0.1246,0.12,0.18,0.03,True,37.39
R0964,W025,W012,Air,621.83,1,10000,0.2987,0.12,0.18,0.03,True,52.31
R0965,W025,W030,Road,872.68,2,10000,0.1373,0.12,0.18,0.03,True,41.18
R0966,W025,W030,Air,727.23,1,10000,0.3409,0.12,0.18,0.03,True,58.63
R0967,W026,W018,Road,621.15,2,10000,0.1121,0.12,0.18,0.03,True,33.63
R0968,W026,W018,Air,517.62,1,10000,0.257,0.12,0.18,0.03,True,46.06
R0969,W030,W015,Road,871.89,2,10000,0.1372,0.12,0.18,0.03,True,41.16
R0970,W030,W015,Air,726.57,1,10000,0.3406,0.12,0.18,0.03,True,58.59
R0971,W017,W028,Road,1941.66,4,10000,0.2442,0.12,0.18,0.03,True,73.25
R0972,W017,W028,Air,1618.05,1,10000,0.6972,0.12,0.18,0.03,True,112.08
R0973,W006,W024,Road,1097.13,2,10000,0.1597,0.12,0.18,0.03,True,47.91
R0974,W006,W024,Air,914.27,1,10000,0.4157,0.12,0.18,0.03,True,69.86
R0975,W015,W001,Road,601.83,2,10000,0.1102,0.12,0.18,0.03,True,33.05
R0976,W015,W001,Air,501.52,1,10000,0.2506,0.12,0.18,0.03,True,45.09
R0977,W006,W015,Road,607.16,2,10000,0.1107,0.12,0.18,0.03,True,33.21
R0978,W006,W015,Air,505.97,1,10000,0.2524,0.12,0.18,0.03,True,45.36
R0979,W005,W001,Road,601.05,2,10000,0.1101,0.12,0.18,0.03,True,33.03
R0980,W005,W001,Air,500.88,1,10000,0.2504,0.12,0.18,0.03,True,45.05
R0981,W020,W028,Road,1696.32,4,10000,0.2196,0.12,0.18,0.03,True,65.89
R0982,W020,W028,Air,1413.6,1,10000,0.6154,0.12,0.18,0.03,True,99.82
R0983,W015,W004,Road,619.43,2,10000,0.1119,0.12,0.18,0.03,True,33.58
R0984,W015,W004,Air,516.19,1,10000,0.2565,0.12,0.18,0.03,True,45.97
R0985,W020,W001,Road,272.05,1,10000,0.0772,0.12,0.18,0.03,True,23.16
R0986,W020,W001,Air,226.7,1,10000,0.1407,0.12,0.18,0.03,True,28.6
R0987,W023,W030,Road,2347.31,5,10000,0.2847,0.12,0.18,0.03,True,85.42
R0988,W023,W030,Air,1956.09,1,10000,0.8324,0.12,0.18,0.03,True,132.37
R0989,W024,W001,Road,350.06,1,10000,0.085,0.12,0.18,0.03,True,25.5
R0990,W024,W001,Air,291.72,1,10000,0.1667,0.12,0.18,0.03,True,32.5
R0991,W030,W014,Road,511.04,1,10000,0.1011,0.12,0.18,0.03,True,30.33
R0992,W030,W014,Air,425.86,1,10000,0.2203,0.12,0.18,0.03,True,40.55
R0993,W026,W013,Road,1406.25,3,10000,0.1906,0.12,0.18,0.03,True,57.19
R0994,W026,W013,Air,1171.87,1,10000,0.5187,0.12,0.18,0.03,True,85.31
R0995,W030,W013,Road,2346.63,5,10000,0.2847,0.12,0.18,0.03,True,85.4
R0996,W030,W013,Air,1955.53,1,10000,0.8322,0.12,0.18,0.03,True,132.33
R0997,W018,W007,Road,1941.73,4,10000,0.2442,0.12,0.18,0.03,True,73.25
R0998,W018,W007,Air,1618.11,1,10000,0.6972,0.12,0.18,0.03,True,112.09
R0999,W012,W008,Road,526.52,1,10000,0.1027,0.12,0.18,0.03,True,30.8
R1000,W012,W008,Air,438.77,1,10000,0.2255,0.12,0.18,0.03,True,41.33
